source,target,conf,win_rate
Darius,Katarina,6.347137270630703,0.4834123222748815
Katarina,Darius,4.561175961954172,0.4834123222748815
Darius,Kaisa,5.093753133460343,0.44881889763779526
Kaisa,Darius,4.379310344827586,0.44881889763779526
Darius,Thresh,5.354457033991778,0.42134831460674155
Thresh,Darius,4.306798935398016,0.42134831460674155
Viego,Kaisa,5.126142595978062,0.4921540656205421
Kaisa,Viego,6.043103448275862,0.4921540656205421
Viego,Thresh,5.36745886654479,0.4673024523160763
Thresh,Viego,5.91983224453585,0.4673024523160763
Kaisa,Thresh,6.2844827586206895,0.47599451303155005
Thresh,Kaisa,5.879506411807403,0.47599451303155005
Diana,Ashe,5.734767025089606,0.5132575757575758
Ashe,Diana,4.146705411136417,0.5132575757575758
Yone,Yuumi,6.340922735879555,0.48215586307356156
Yuumi,Yone,9.250151586606481,0.48215586307356156
Sylas,Yuumi,6.498859849149271,0.47368421052631576
Yuumi,Sylas,4.992252240113185,0.47368421052631576
Warwick,Yasuo,13.464646464646465,0.5288822205551388
Yasuo,Warwick,4.2281219272369714,0.5288822205551388
Xayah,Rakan,20.92150170648464,0.5040783034257749
Rakan,Xayah,24.969450101832994,0.5040783034257749
Zed,Morgana,7.318812750315466,0.5082458770614693
Morgana,Zed,7.935752528256989,0.5082458770614693
Graves,Jhin,9.850610449685297,0.5204003079291762
Jhin,Graves,5.633863902502494,0.5204003079291762
Lux,Jhin,10.218008116941421,0.5398945518453427
Jhin,Lux,12.338985991239102,0.5398945518453427
Soraka,Jhin,10.457516339869281,0.5331632653061225
Jhin,Soraka,3.4002688988159777,0.5331632653061225
LeeSin,Tristana,5.932203389830509,0.45514950166112955
Tristana,LeeSin,6.798674898358681,0.45514950166112955
Pyke,LeeSin,6.539509536784741,0.43472222222222223
LeeSin,Pyke,4.729996058336618,0.43472222222222223
Warwick,Tristana,6.4646464646464645,0.5234375
Tristana,Warwick,4.818551422978467,0.5234375
Tristana,Pyke,5.398283391055564,0.4881450488145049
Pyke,Tristana,6.512261580381471,0.4881450488145049
Kayn,Vex,6.422836752899197,0.5092592592592593
Vex,Kayn,8.792998168125383,0.5092592592592593
Kayn,Vayne,7.552780255724056,0.5072178477690289
Vayne,Kayn,8.784874337099376,0.5072178477690289
Soraka,Kayn,9.003601440576231,0.5155555555555555
Kayn,Soraka,3.3452274754683318,0.5155555555555555
Soraka,Vayne,8.96358543417367,0.5520833333333334
Vayne,Soraka,3.873645376988702,0.5520833333333334
Leblanc,Kayn,9.04669260700389,0.4685099846390169
Kayn,Leblanc,3.226286054118347,0.4685099846390169
Swain,Kayn,9.07911802853437,0.49682539682539684
Kayn,Swain,3.1222123104371096,0.49682539682539684
Nocturne,Tristana,5.9878624409979775,0.5698198198198198
Tristana,Nocturne,3.3428700496913115,0.5698198198198198
Nocturne,Lux,12.380310182063385,0.5272331154684096
Lux,Nocturne,3.2970585066264415,0.5272331154684096
Maokai,MissFortune,15.164835164835164,0.605072463768116
MissFortune,Maokai,0.885694114626789,0.605072463768116
Kayn,MissFortune,13.484983645554566,0.5042263873575891
MissFortune,Kayn,8.731788717027149,0.5042263873575891
Aatrox,Vex,6.5393988627132416,0.546583850931677
Vex,Aatrox,2.1846801004138676,0.546583850931677
Xerath,Jhin,11.841257569900785,0.558215451577802
Jhin,Xerath,3.9857743852192393,0.558215451577802
LeeSin,Katarina,5.984758901589804,0.4039517014270033
Katarina,LeeSin,6.56434644761493,0.4039517014270033
Sylas,MasterYi,6.226977723206455,0.45774647887323944
MasterYi,Sylas,4.837830471518125,0.45774647887323944
Talon,Lucian,8.049659591509812,0.4079601990049751
Lucian,Talon,3.2172010884063384,0.4079601990049751
Braum,Lucian,20.952124798278646,0.5096277278562259
Lucian,Braum,4.156218321506696,0.5096277278562259
Malzahar,Viego,5.977613717551798,0.5697211155378487
Viego,Malzahar,1.8354661791590492,0.5697211155378487
Darius,Morgana,7.420034092048532,0.49594594594594593
Morgana,Darius,4.402141582391433,0.49594594594594593
Nunu,Ezreal,7.6781185151026055,0.5225225225225225
Ezreal,Nunu,1.8893617021276596,0.5225225225225225
Zyra,Ezreal,8.397501089641144,0.5484429065743944
Ezreal,Zyra,3.279432624113475,0.5484429065743944
Darius,Ezreal,7.540358969216886,0.4867021276595745
Ezreal,Darius,4.266666666666667,0.4867021276595745
Hecarim,Ezreal,8.285495598928435,0.48498845265588914
Ezreal,Hecarim,2.4567375886524823,0.48498845265588914
Vladimir,Ezreal,7.603686635944701,0.4458874458874459
Ezreal,Vladimir,2.6212765957446806,0.4458874458874459
Vladimir,Thresh,5.414746543778802,0.44072948328267475
Thresh,Vladimir,2.6534397935317364,0.44072948328267475
Lillia,Yasuo,13.427663875252671,0.5376344086021505
Yasuo,Lillia,2.949852507374631,0.5376344086021505
Lillia,Lucian,8.605255558764076,0.4983221476510067
Lucian,Lillia,3.1798538120898465,0.4983221476510067
Lillia,Thresh,5.544325729136586,0.5026041666666666
Thresh,Lillia,3.0970239535446407,0.5026041666666666
Evelynn,Yasuo,15.904424117976479,0.4953051643192488
Yasuo,Evelynn,2.7024455228851463,0.4953051643192488
Evelynn,Thresh,6.234832928878103,0.47904191616766467
Thresh,Evelynn,2.6937656262601823,0.47904191616766467
Mordekaiser,MasterYi,6.715575620767495,0.5266106442577031
MasterYi,Mordekaiser,4.865085854456256,0.5266106442577031
Varus,MasterYi,6.858227161832476,0.5019762845849802
MasterYi,Varus,1.7239029708367402,0.5019762845849802
Malphite,MasterYi,7.035126017066879,0.5514809590973202
MasterYi,Malphite,4.831016625783592,0.5514809590973202
Shen,Tristana,5.690890481064483,0.5035971223021583
Tristana,Shen,2.093058274356272,0.5035971223021583
Qiyana,Yuumi,6.562625050020008,0.5040650406504065
Yuumi,Qiyana,3.314693795054908,0.5040650406504065
Vladimir,Yuumi,7.965766951942068,0.49586776859504134
Yuumi,Vladimir,3.2607963349727145,0.49586776859504134
Poppy,Ezreal,7.770360480640854,0.48109965635738833
Ezreal,Poppy,1.651063829787234,0.48109965635738833
Blitzcrank,MissFortune,13.456464379947231,0.5318627450980392
MissFortune,Blitzcrank,3.9278608561709776,0.5318627450980392
Jax,MissFortune,13.473513220828446,0.4916275954454119
MissFortune,Jax,4.791091714267377,0.4916275954454119
Pyke,Kayn,8.57402361489555,0.4925847457627119
Kayn,Pyke,4.678362573099415,0.4925847457627119
Nasus,Brand,5.401515878345966,0.5612788632326821
Brand,Nasus,5.086276989791309,0.5612788632326821
Sivir,Amumu,5.33273582791844,0.5588235294117647
Amumu,Sivir,2.004041764904008,0.5588235294117647
Sivir,Brand,5.8480842482635,0.5363984674329502
Brand,Sivir,2.3579365796368235,0.5363984674329502
Alistar,Yasuo,17.313432835820898,0.5250783699059561
Yasuo,Alistar,2.0236622577473278,0.5250783699059561
Garen,Morgana,7.398648648648648,0.5449010654490106
Morgana,Garen,3.9083878643664485,0.5449010654490106
Akali,LeeSin,7.123766447368421,0.43434343434343436
LeeSin,Akali,4.552621206148995,0.43434343434343436
Akali,Morgana,7.7816611842105265,0.4861294583883752
Morgana,Akali,4.503271861986913,0.4861294583883752
Shen,Kaisa,5.015353121801433,0.5755102040816327
Kaisa,Shen,2.1120689655172415,0.5755102040816327
Karthus,Yasuo,13.872255489021956,0.5359712230215827
Yasuo,Karthus,0.8817838677958575,0.5359712230215827
Nautilus,Yasuo,13.6305435921313,0.5046968403074296
Yasuo,Nautilus,3.71427665175881,0.5046968403074296
Rengar,Vex,6.476121562952243,0.4776536312849162
Vex,Rengar,2.428930049528462,0.4776536312849162
MissFortune,Leona,6.893010718182402,0.5507448789571695
Leona,MissFortune,18.678260869565218,0.5507448789571695
Shen,Khazix,6.919140225179119,0.5325443786982249
Khazix,Shen,2.336997856599599,0.5325443786982249
Vladimir,Khazix,6.96181698485846,0.5035460992907801
Khazix,Vladimir,2.9247044181705038,0.5035460992907801
Alistar,Samira,8.819538670284938,0.4707692307692308
Samira,Alistar,3.259452411994785,0.4707692307692308
Xayah,Viego,6.126279863481229,0.4456824512534819
Viego,Xayah,2.6252285191956126,0.4456824512534819
Nasus,Ashe,5.43029837858582,0.5212014134275619
Ashe,Nasus,4.445142542998508,0.5212014134275619
Akali,Khazix,6.167763157894736,0.5083333333333333
Khazix,Akali,4.148516905206389,0.5083333333333333
Akali,Ashe,5.807976973684211,0.4672566371681416
Ashe,Akali,4.437288934265295,0.4672566371681416
Warwick,Lux,12.848484848484848,0.5424528301886793
Lux,Warwick,4.5684732248680096,0.5424528301886793
Warwick,Caitlyn,8.606060606060606,0.4859154929577465
Caitlyn,Warwick,4.483030781373323,0.4859154929577465
Lux,Caitlyn,9.104622346729878,0.517948717948718
Caitlyn,Lux,13.338595106550907,0.517948717948718
Swain,Caitlyn,8.574722582504684,0.5042016806722689
Caitlyn,Swain,3.1307550644567224,0.5042016806722689
Viktor,Jhin,10.540184453227932,0.5208333333333334
Jhin,Viktor,1.040898642494687,0.5208333333333334
Tryndamere,Morgana,7.617908066606841,0.4869109947643979
Morgana,Tryndamere,4.544913741820345,0.4869109947643979
Warwick,Katarina,6.02020202020202,0.5234899328859061
Katarina,Warwick,4.294566940481338,0.5234899328859061
Warwick,Morgana,8.121212121212121,0.5497512437810945
Morgana,Warwick,4.78286734086853,0.5497512437810945
Draven,Khazix,6.356817902373048,0.5357833655705996
Khazix,Draven,3.5746387333195053,0.5357833655705996
Samira,Nautilus,6.498846655300371,0.5246913580246914
Nautilus,Samira,7.542777325107671,0.5246913580246914
Trundle,Lucian,8.186005051255385,0.5190562613430127
Lucian,Trundle,2.9397641786266875,0.5190562613430127
Ryze,Lucian,8.333333333333332,0.40710382513661203
Lucian,Ryze,1.952729018833698,0.40710382513661203
Kennen,Thresh,6.148785425101214,0.5061728395061729
Thresh,Kennen,1.9598354706024679,0.5061728395061729
Gwen,Thresh,6.510138740661686,0.46311475409836067
Thresh,Gwen,1.967900637148157,0.46311475409836067
Draven,Thresh,6.381409074142383,0.4797687861271676
Thresh,Draven,4.185821437212678,0.4797687861271676
Sylas,Vayne,7.384669356253289,0.4833729216152019
Vayne,Sylas,4.853585427715011,0.4833729216152019
Ekko,Jhin,9.948931341025157,0.5076045627376425
Jhin,Ekko,4.562605716268378,0.5076045627376425
Ekko,Thresh,5.702666918857576,0.5008291873963516
Thresh,Ekko,4.863295427050569,0.5008291873963516
Sylas,Jhin,10.208735309594807,0.49140893470790376
Jhin,Sylas,5.048358416099232,0.49140893470790376
Sylas,Thresh,5.402560954218559,0.5113636363636364
Thresh,Sylas,4.9681425921445275,0.5113636363636364
Hecarim,Yuumi,7.520091848450057,0.49872773536895676
Yuumi,Hecarim,2.647712726537762,0.49872773536895676
Sett,MissFortune,13.42707270872796,0.5463917525773195
MissFortune,Sett,5.914254540786856,0.5463917525773195
Volibear,MissFortune,13.374028856825749,0.5261410788381743
MissFortune,Volibear,3.866889159874206,0.5261410788381743
Seraphine,Irelia,7.318687136050821,0.5244122965641953
Irelia,Seraphine,3.403286356083451,0.5244122965641953
Seraphine,MissFortune,15.722604552673372,0.5277777777777778
MissFortune,Seraphine,3.812335536871831,0.5277777777777778
Zyra,Yone,9.196571262530872,0.5418641390205371
Yone,Zyra,2.923382441232162,0.5418641390205371
Mordekaiser,Zed,8.502633559066968,0.4944690265486726
Zed,Mordekaiser,4.959675207110331,0.4944690265486726
Mordekaiser,Tristana,5.963130173062453,0.48264984227129337
Tristana,Mordekaiser,4.773377503388044,0.48264984227129337
Zed,Tristana,5.821034728699183,0.48633364750235625
Tristana,Zed,7.988254780906489,0.48633364750235625
Mordekaiser,MissFortune,13.760346124905945,0.5331510594668489
MissFortune,Mordekaiser,4.694820614851421,0.5331510594668489
Jax,Lux,11.849111091056763,0.5156130997715156
Lux,Jax,4.715727471895988,0.5156130997715156
Ekko,MissFortune,13.287308492528844,0.5316725978647687
MissFortune,Ekko,4.508696489313908,0.5316725978647687
MissFortune,Lux,12.460689301071818,0.5263971156322431
Lux,MissFortune,13.94605466364975,0.5263971156322431
Vi,Ashe,5.474705474705475,0.5611814345991561
Ashe,Vi,1.86130526977146,0.5611814345991561
Hecarim,Tristana,5.7405281285878305,0.4866666666666667
Tristana,Hecarim,2.2586959795211565,0.4866666666666667
TwistedFate,Thresh,5.731625084288605,0.4235294117647059
Thresh,TwistedFate,2.056617469150738,0.4235294117647059
Janna,Jhin,11.104060913705585,0.5171428571428571
Jhin,Janna,1.5179771869714187,0.5171428571428571
Malphite,Yasuo,21.571740424687437,0.5248390064397425
Yasuo,Malphite,6.8956767215402675,0.5248390064397425
Evelynn,Yone,11.498973305954825,0.538961038961039
Yone,Evelynn,2.844871380409181,0.538961038961039
Swain,Yasuo,13.762790027381467,0.5193717277486911
Yasuo,Swain,3.029149617787928,0.5193717277486911
TahmKench,Khazix,6.386529126213593,0.5415676959619953
Khazix,TahmKench,2.9108760284864825,0.5415676959619953
Chogath,Zed,7.982120051085569,0.5493333333333333
Zed,Chogath,2.05738739233006,0.5493333333333333
Jax,Caitlyn,8.419817705983213,0.4930332261521972
Caitlyn,Jax,4.9092344119968425,0.4930332261521972
XinZhao,Caitlyn,8.168839230291743,0.5030395136778115
Caitlyn,XinZhao,3.4622467771639043,0.5030395136778115
Leblanc,Thresh,5.8226792662590325,0.48687350835322196
Thresh,Leblanc,3.379304782643762,0.48687350835322196
Caitlyn,Thresh,5.261773217574323,0.457
Thresh,Caitlyn,8.065166545689168,0.457
Fiora,Tristana,5.919891378139851,0.4518348623853211
Tristana,Fiora,3.282638156904081,0.4518348623853211
Zyra,Tristana,6.26180444573587,0.505800464037123
Tristana,Zyra,3.2449932239120614,0.505800464037123
Zyra,Kayn,8.775243353189015,0.5198675496688742
Kayn,Zyra,2.9933591039746257,0.5198675496688742
Fiora,Lucian,8.13306177868296,0.48580968280467446
Lucian,Fiora,3.1958597876540575,0.48580968280467446
Akali,Kayn,8.922697368421053,0.49193548387096775
Kayn,Akali,4.3017147388244625,0.49193548387096775
Teemo,Ashe,5.529799099643888,0.5455650060753341
Ashe,Teemo,6.463519987434226,0.5455650060753341
XinZhao,Ashe,5.698324022346369,0.4880174291938998
Ashe,XinZhao,3.6048064085447264,0.4880174291938998
XinZhao,Kaisa,5.015518311607697,0.46782178217821785
Kaisa,XinZhao,3.482758620689655,0.46782178217821785
Pantheon,Ashe,5.649379763861904,0.48677248677248675
Ashe,Pantheon,2.9686641011544808,0.48677248677248675
Khazix,Caitlyn,8.303948005254789,0.48792672772689427
Caitlyn,Khazix,6.319389634306762,0.48792672772689427
Swain,Khazix,6.139213143104193,0.5563380281690141
Khazix,Swain,2.945447002696536,0.5563380281690141
DrMundo,Lux,13.679864890223307,0.5473251028806584
Lux,DrMundo,2.618252343497468,0.5473251028806584
Lillia,Yone,10.020213687554143,0.5244956772334294
Yone,Lillia,3.205098600655798,0.5244956772334294
Nasus,Pyke,5.1328792094406595,0.5196261682242991
Pyke,Nasus,4.85921889191644,0.5196261682242991
Diana,Pyke,5.017921146953405,0.474025974025974
Pyke,Diana,4.1961852861035425,0.474025974025974
Pyke,Jhin,9.97275204359673,0.5036429872495446
Jhin,Pyke,4.762111289413194,0.5036429872495446
Ryze,Ezreal,7.923497267759563,0.3994252873563218
Ezreal,Ryze,1.9744680851063832,0.3994252873563218
Nocturne,Ezreal,7.5927174645987865,0.5115452930728241
Ezreal,Nocturne,3.194326241134752,0.5115452930728241
Viego,Lux,12.36563071297989,0.543465405085748
Lux,Viego,6.073339798153935,0.543465405085748
Malzahar,Caitlyn,8.78780662062396,0.5203252032520326
Caitlyn,Malzahar,1.941594317284925,0.5203252032520326
Gangplank,Ashe,5.406593406593407,0.46883468834688347
Ashe,Gangplank,2.897981622555564,0.46883468834688347
Ahri,Kayn,9.092385127455756,0.5232142857142857
Kayn,Ahri,2.775299831499653,0.5232142857142857
Kayn,Lux,12.107245514917237,0.5198526401964797
Lux,Kayn,8.774198182667098,0.5198526401964797
Ashe,Lux,12.392994581009974,0.5456273764258555
Lux,Ashe,5.667492727076824,0.5456273764258555
Seraphine,Ashe,6.2731604023292755,0.5485232067510548
Ashe,Seraphine,3.72261053954292,0.5485232067510548
Fizz,MissFortune,13.323378131740501,0.5305105853051059
MissFortune,Fizz,2.5768564277004042,0.5305105853051059
Kaisa,Irelia,6.982758620689655,0.4617283950617284
Irelia,Kaisa,4.984922149055326,0.4617283950617284
Kaisa,Graves,5.6465517241379315,0.4916030534351145
Graves,Kaisa,4.967012967316296,0.4916030534351145
Diana,Yasuo,14.521559682850004,0.49214659685863876
Yasuo,Diana,4.240809464903099,0.49214659685863876
Gangplank,Jhin,9.91941391941392,0.45790251107828656
Jhin,Gangplank,2.9362015873704297,0.45790251107828656
Nocturne,Brand,5.084288604180714,0.53315649867374
Brand,Nocturne,3.4059083928087452,0.53315649867374
Jhin,Brand,5.2825606106605365,0.5410509031198686
Brand,Jhin,11.003704038305177,0.5410509031198686
Swain,Samira,5.043954460296873,0.4828571428571429
Samira,Swain,3.5101795206097686,0.4828571428571429
Draven,Graves,5.864994466986352,0.5031446540880503
Graves,Draven,3.617198756350952,0.5031446540880503
Graves,Nami,5.308258133009782,0.5528571428571428
Nami,Graves,6.164685160722149,0.5528571428571428
Syndra,Viego,6.081412457086807,0.47580645161290325
Viego,Syndra,1.813528336380256,0.47580645161290325
Viego,Nami,5.243144424131628,0.4811715481171548
Nami,Viego,6.314398943196829,0.4811715481171548
Syndra,Nami,5.88523786169691,0.4791666666666667
Nami,Syndra,2.1136063408190227,0.4791666666666667
Draven,Nami,5.643673921062339,0.5206971677559913
Nami,Draven,4.04227212681638,0.5206971677559913
Gangplank,Caitlyn,8.117216117216117,0.41335740072202165
Caitlyn,Gangplank,2.915022362536175,0.41335740072202165
Rammus,Caitlyn,9.16988416988417,0.5087719298245614
Caitlyn,Rammus,1.499605367008682,0.5087719298245614
Janna,Caitlyn,9.200507614213198,0.46551724137931033
Caitlyn,Janna,1.5259142330965536,0.46551724137931033
Urgot,MasterYi,6.292906178489703,0.5575757575757576
MasterYi,Urgot,2.248569092395748,0.5575757575757576
MasterYi,MissFortune,13.368765331152902,0.5458715596330275
MissFortune,MasterYi,6.296129901803478,0.5458715596330275
MasterYi,Morgana,8.237939493049877,0.5500413564929694
Morgana,MasterYi,7.19214753123141,0.5500413564929694
MissFortune,Morgana,7.236377639432642,0.5325942350332594
Morgana,MissFortune,13.414634146341465,0.5325942350332594
XinZhao,Lux,12.749844816883924,0.5384615384615384
Lux,XinZhao,3.6885393097008223,0.5384615384615384
Vladimir,Kaisa,5.085582620144832,0.47572815533980584
Kaisa,Vladimir,2.663793103448276,0.47572815533980584
Cassiopeia,Morgana,7.291922415909649,0.4983164983164983
Morgana,Cassiopeia,1.766805472932778,0.4983164983164983
Varus,Morgana,7.888316616969368,0.5085910652920962
Morgana,Varus,1.7311124330755503,0.5085910652920962
Nocturne,Lucian,8.091706001348618,0.5016666666666667
Lucian,Nocturne,3.201195112842128,0.5016666666666667
Samira,Amumu,5.185036606157857,0.528046421663443
Amumu,Samira,4.353317615358707,0.528046421663443
Swain,MasterYi,6.643608589133882,0.5531453362255966
MasterYi,Swain,3.141182883619515,0.5531453362255966
Garen,Ashe,5.574324324324325,0.5515151515151515
Ashe,Garen,3.8875363229403908,0.5515151515151515
Trundle,Ashe,5.987223295201308,0.5260545905707196
Ashe,Trundle,3.1650043194848028,0.5260545905707196
Vayne,Thresh,5.614480055337791,0.4681724845995893
Thresh,Vayne,7.8554722155012495,0.4681724845995893
Warwick,Irelia,7.202020202020202,0.517531556802244
Irelia,Warwick,4.3879623361437625,0.517531556802244
Blitzcrank,Irelia,7.036059806508356,0.5
Irelia,Blitzcrank,3.9387039202412453,0.5
Kayn,Katarina,6.373277827336703,0.4867807153965785
Katarina,Kayn,9.266464908488254,0.4867807153965785
Katarina,Vayne,7.3641735120334335,0.4931506849315068
Vayne,Katarina,5.891169010836984,0.4931506849315068
Blitzcrank,Katarina,5.969656992084433,0.5119705340699816
Katarina,Blitzcrank,3.912667531344574,0.5119705340699816
Aatrox,Thresh,5.3411860276198215,0.4828897338403042
Thresh,Aatrox,2.1211388015162513,0.4828897338403042
Akshan,Thresh,5.747440273037543,0.46318289786223277
Thresh,Akshan,3.3954351157351397,0.46318289786223277
Ahri,Viego,5.910050332846241,0.5054945054945055
Viego,Ahri,2.6617915904936016,0.5054945054945055
Ahri,Jhin,9.839259620068193,0.5115511551155115
Jhin,Ahri,2.628269072299085,0.5115511551155115
Jhin,Morgana,7.442425293837013,0.4982517482517482
Morgana,Jhin,10.208209399167162,0.4982517482517482
Nunu,Yasuo,14.180308969333641,0.5577235772357724
Yasuo,Nunu,1.950708916167095,0.5577235772357724
MasterYi,Caitlyn,8.367402562005996,0.5146579804560261
Caitlyn,MasterYi,6.461457511181267,0.5146579804560261
Brand,Khazix,6.152317282500678,0.5022026431718062
Khazix,Brand,4.7085666874092515,0.5022026431718062
Brand,Ashe,5.510886258921312,0.5704918032786885
Ashe,Brand,4.790701327259876,0.5704918032786885
Kayle,Jhin,9.806415147661438,0.5331412103746398
Jhin,Kayle,3.0099319078804703,0.5331412103746398
Camille,Khazix,6.2038150885031795,0.4930747922437673
Khazix,Camille,2.496024337965844,0.4930747922437673
Khazix,Vayne,7.363617506741341,0.5248826291079812
Vayne,Khazix,6.139036200138345,0.5248826291079812
Camille,Ezreal,8.025433923354528,0.5010706638115632
Ezreal,Camille,2.649645390070922,0.5010706638115632
Zac,Ezreal,8.153770812928501,0.4864864864864865
Ezreal,Zac,1.8893617021276596,0.4864864864864865
Kassadin,Ezreal,7.703281027104136,0.5216049382716049
Ezreal,Kassadin,1.8382978723404255,0.5216049382716049
Ezreal,Brand,5.219858156028369,0.48586956521739133
Brand,Ezreal,8.311500587225586,0.48586956521739133
Kennen,Lucian,9.412955465587045,0.44086021505376344
Lucian,Kennen,1.984740969962119,0.44086021505376344
FiddleSticks,Yone,10.45945945945946,0.5038759689922481
Yone,FiddleSticks,1.7872812081466773,0.5038759689922481
Garen,MasterYi,6.396396396396396,0.5105633802816901
MasterYi,Garen,3.8702643772144993,0.5105633802816901
Urgot,Yuumi,6.5408085430968725,0.565597667638484
Yuumi,Urgot,2.3108536010240517,0.565597667638484
Vayne,Yuumi,6.899930827761125,0.5229741019214703
Yuumi,Vayne,8.064407464798222,0.5229741019214703
Kennen,Kayn,8.906882591093117,0.4403409090909091
Kayn,Kennen,1.744474179799782,0.4403409090909091
Darius,Caitlyn,8.412714328687457,0.42431466030989273
Caitlyn,Darius,4.414627729544857,0.42431466030989273
Brand,Tristana,5.754810732676845,0.5133437990580848
Tristana,Brand,4.795964463183255,0.5133437990580848
Jinx,Khazix,6.172509142806173,0.49710982658959535
Khazix,Jinx,4.784622830671368,0.49710982658959535
Zyra,Khazix,6.5814325148917625,0.5629139072847682
Khazix,Zyra,3.1321302634308235,0.5629139072847682
Nasus,Lux,12.62592343854936,0.5387537993920972
Lux,Nasus,4.726502172898035,0.5387537993920972
Varus,Lux,13.282732447817835,0.47551020408163264
Lux,Varus,1.7598678303343749,0.47551020408163264
Lucian,Nami,19.3618951075068,0.5199779553596032
Nami,Lucian,31.959489211800967,0.5199779553596032
Zyra,Ashe,6.101990411157925,0.5476190476190477
Ashe,Zyra,3.2985156679494225,0.5476190476190477
Amumu,Yone,9.447625463118897,0.5374331550802139
Yone,Amumu,5.181730014316723,0.5374331550802139
Tryndamere,Jhin,9.971083856815236,0.525
Jhin,Tryndamere,4.337077677061196,0.525
Tryndamere,Yuumi,6.421378003789012,0.5
Yuumi,Tryndamere,4.338745536616587,0.5
TwistedFate,Jhin,11.081141829624634,0.47058823529411764
Jhin,TwistedFate,2.1381792947911697,0.47058823529411764
Malphite,MissFortune,14.288549315340346,0.5180555555555556
MissFortune,Malphite,4.621012771965856,0.5180555555555556
Rammus,MissFortune,13.706563706563706,0.5211267605633803
MissFortune,Rammus,1.3670496117065656,0.5211267605633803
Olaf,Lux,12.548562548562547,0.4984520123839009
Lux,Olaf,1.1600761412204146,0.4984520123839009
Warwick,Jinx,5.02020202020202,0.5311871227364185
Jinx,Warwick,4.433146017304433,0.5311871227364185
Jinx,Lux,12.273659798412274,0.5210755813953488
Lux,Jinx,4.941996192938979,0.5210755813953488
Brand,Caitlyn,8.510253862137501,0.4978768577494692
Caitlyn,Brand,4.956590370955012,0.4978768577494692
Tryndamere,Tristana,5.723402133811946,0.4529616724738676
Tristana,Tryndamere,4.321638307483813,0.4529616724738676
Kayn,Yuumi,6.829219942511647,0.4811320754716981
Yuumi,Kayn,9.283837499157851,0.4811320754716981
Sion,Nami,5.605381165919283,0.53
Nami,Sion,2.642007926023778,0.53
Hecarim,Nami,5.281285878300804,0.5181159420289855
Nami,Hecarim,2.430647291941876,0.5181159420289855
Khazix,Lucian,8.165664108414575,0.45469940728196445
Lucian,Khazix,6.3010190471109215,0.45469940728196445
Khazix,Ezreal,7.813040171472033,0.49380530973451325
Ezreal,Khazix,6.411347517730497,0.49380530973451325
Ekko,Tristana,6.033667486287119,0.4890282131661442
Tristana,Ekko,4.8034934497816595,0.4890282131661442
Pantheon,Tristana,5.828725153190853,0.48205128205128206
Tristana,Pantheon,2.936304773377503,0.48205128205128206
Sylas,Kayn,9.007191720750745,0.4810126582278481
Kayn,Sylas,5.089701655268114,0.4810126582278481
Karma,Kayn,8.678083509717144,0.4523281596452328
Kayn,Karma,2.235107542868471,0.4523281596452328
Zyra,Caitlyn,8.426558186837136,0.5017241379310344
Caitlyn,Zyra,3.051828466193107,0.5017241379310344
Akali,Caitlyn,8.747944078947368,0.47473560517038776
Caitlyn,Akali,4.477769008155748,0.47473560517038776
Hecarim,Ashe,5.491771909682357,0.47038327526132406
Ashe,Hecarim,2.2539857064321054,0.47038327526132406
Hecarim,Lux,12.227324913892078,0.5179968701095462
Lux,Hecarim,2.295011313436052,0.5179968701095462
Olaf,Jhin,10.256410256410255,0.49242424242424243
Jhin,Olaf,1.1449885067441556,0.49242424242424243
Zed,Jhin,9.996159543534318,0.49231613611416025
Jhin,Zed,7.902155527605499,0.49231613611416025
Nautilus,Jhin,10.091956698870911,0.49019607843137253
Jhin,Nautilus,3.7602463460120568,0.49019607843137253
Nautilus,MissFortune,13.688744034454661,0.5272108843537415
MissFortune,Nautilus,3.7738270971054493,0.5272108843537415
Nautilus,Ekko,5.726923524618787,0.5
Ekko,Nautilus,4.652922262152449,0.5
Samira,LeeSin,6.559021161367967,0.44954128440366975
LeeSin,Samira,4.296413086322428,0.44954128440366975
Diana,Lucian,8.341479309221246,0.4921875
Lucian,Diana,4.0975297444379235,0.4921875
Diana,Leona,5.28945367655045,0.46406570841889117
Leona,Diana,4.234782608695652,0.46406570841889117
TwistedFate,Lucian,8.22656776803776,0.45081967213114754
Lucian,TwistedFate,1.952729018833698,0.45081967213114754
JarvanIV,Ezreal,7.9920739762219295,0.4772727272727273
Ezreal,JarvanIV,2.746099290780142,0.4772727272727273
Cassiopeia,Kayn,8.765038055487356,0.5210084033613446
Kayn,Cassiopeia,1.7692536425810288,0.5210084033613446
Cassiopeia,MissFortune,13.82273508470415,0.5150976909413855
MissFortune,Cassiopeia,1.8066876323727616,0.5150976909413855
Poppy,Lucian,8.144192256341789,0.49836065573770494
Lucian,Poppy,1.627274182361415,0.49836065573770494
Camille,Ekko,5.499226671249356,0.521875
Ekko,Camille,3.0262909022129754,0.521875
Sett,Kayn,8.866384962844236,0.5061626951520132
Kayn,Sett,6.031321240955496,0.5061626951520132
Diana,Sett,6.266970783099815,0.48873483535528595
Sett,Diana,4.2037010053912285,0.48873483535528595
Zyra,MissFortune,14.441377306407091,0.5362173038229376
MissFortune,Zyra,3.18978242731532,0.5362173038229376
Lillia,Zed,7.825584753104245,0.540590405904059
Zed,Lillia,2.9736105777143798,0.540590405904059
Nasus,MissFortune,13.585340113211167,0.5543785310734464
MissFortune,Nasus,4.543995892433092,0.5543785310734464
Shaco,MissFortune,13.695949911954608,0.5164285714285715
MissFortune,Shaco,4.492651306077915,0.5164285714285715
Katarina,Amumu,5.296152183311716,0.5333333333333333
Amumu,Katarina,6.188952509262378,0.5333333333333333
MissFortune,Amumu,7.059880623836724,0.5686363636363636
Amumu,MissFortune,18.52475581003705,0.5686363636363636
Annie,Nasus,5.093776641091219,0.5230125523012552
Nasus,Annie,2.2930058524417154,0.5230125523012552
Annie,Amumu,5.200341005967604,0.5450819672131147
Amumu,Annie,2.054563826204109,0.5450819672131147
Zed,Ashe,5.491852745926373,0.5114885114885115
Ashe,Zed,7.861462341946124,0.5114885114885115
Urgot,Tristana,6.102212051868802,0.515625
Tristana,Urgot,2.4092757114892334,0.515625
Urgot,Leona,5.205949656750572,0.5421245421245421
Leona,Urgot,2.373913043478261,0.5421245421245421
Teemo,Leona,5.046025666868239,0.5193075898801598
Leona,Teemo,6.530434782608696,0.5193075898801598
Tristana,Leona,6.173769010691161,0.49146341463414633
Leona,Tristana,7.130434782608695,0.49146341463414633
Brand,Zed,8.094678832776221,0.5078125
Zed,Brand,4.915784276073956,0.5078125
Trundle,Lux,13.118407368890209,0.5979614949037373
Lux,Trundle,3.171353661602557,0.5979614949037373
Garen,Lux,12.792792792792792,0.551056338028169
Lux,Garen,4.080020112775204,0.551056338028169
Warwick,MissFortune,13.91919191919192,0.5442670537010159
MissFortune,Warwick,4.422052499839548,0.5442670537010159
Fiora,Ashe,5.471826205023761,0.4813895781637717
Ashe,Fiora,3.1650043194848028,0.4813895781637717
Rammus,Lux,11.96911196911197,0.5698924731182796
Lux,Rammus,1.336062924253852,0.5698924731182796
Xerath,Graves,5.630717691019198,0.5560640732265446
Graves,Xerath,3.3138697201789644,0.5560640732265446
Teemo,MissFortune,13.243297722233422,0.5494672754946728
MissFortune,Teemo,6.325011231628265,0.5494672754946728
Qiyana,Leona,5.028678137921835,0.4270557029177719
Leona,Qiyana,3.278260869565217,0.4270557029177719
Morgana,Tristana,5.823914336704342,0.49948927477017363
Tristana,Morgana,7.370877879837375,0.49948927477017363
DrMundo,MasterYi,6.624132107337212,0.5977337110481586
MasterYi,DrMundo,2.405287544289997,0.5977337110481586
LeeSin,Nami,5.1635790303508085,0.45038167938931295
Nami,LeeSin,6.922060766182299,0.45038167938931295
Sejuani,Lux,12.026204960224614,0.49416342412451364
Lux,Sejuani,0.9230327191753762,0.49416342412451364
Gnar,Ezreal,8.418043202033036,0.4490566037735849
Ezreal,Gnar,1.50354609929078,0.4490566037735849
Amumu,Vayne,7.384641293364769,0.5302166476624858
Vayne,Amumu,5.055337791099839,0.5302166476624858
Ryze,Vayne,7.581967213114754,0.4894894894894895
Vayne,Ryze,1.9195296287756514,0.4894894894894895
Sett,Amumu,5.107096022147749,0.550641940085592
Amumu,Sett,5.902660828561805,0.550641940085592
Sett,Caitlyn,8.859099519160717,0.48273026315789475
Caitlyn,Sett,6.398316232570377,0.48273026315789475
MasterYi,Katarina,6.527664213682202,0.5031315240083507
Katarina,MasterYi,6.90301196137772,0.5031315240083507
MasterYi,Vayne,7.488416462251295,0.5232029117379435
Vayne,MasterYi,6.335024210283606,0.5232029117379435
Kassadin,Nami,5.658582976699952,0.5168067226890757
Nami,Kassadin,2.0959929546455305,0.5168067226890757
Khazix,Jhin,10.080896079651524,0.5473251028806584
Jhin,Khazix,6.323459253155224,0.5473251028806584
Blitzcrank,Khazix,6.464379947229551,0.5561224489795918
Khazix,Blitzcrank,4.065546567102261,0.5561224489795918
Xerath,Caitlyn,8.362324442726452,0.5315870570107858
Caitlyn,Xerath,3.4148908182057354,0.5315870570107858
Velkoz,Kayn,9.303495096806639,0.5135135135135135
Kayn,Velkoz,1.833680245812271,0.5135135135135135
Garen,Yuumi,6.858108108108107,0.5385878489326765
Yuumi,Garen,4.10294414875699,0.5385878489326765
Jinx,LeeSin,6.725537418606725,0.4350132625994695
LeeSin,Jinx,4.953356983313625,0.4350132625994695
Blitzcrank,Jinx,5.430958663148637,0.5121457489878543
Jinx,Blitzcrank,4.406386584604406,0.5121457489878543
Kayle,Thresh,5.468418821534549,0.4728682170542636
Thresh,Kayle,3.121219453181708,0.4728682170542636
Aphelios,Katarina,6.562342251388189,0.4794871794871795
Katarina,Aphelios,2.810203199308258,0.4794871794871795
Pyke,Katarina,5.994550408719346,0.5151515151515151
Katarina,Pyke,4.755728491137051,0.5151515151515151
Ahri,Sett,6.186069167072577,0.5354330708661418
Sett,Ahri,2.7757540434212444,0.5354330708661418
Sett,Morgana,7.2854436835203265,0.518
Morgana,Sett,5.94883997620464,0.518
Ahri,MasterYi,6.429615197272284,0.5277777777777778
MasterYi,Ahri,2.698282910874898,0.5277777777777778
MasterYi,Tristana,6.200599618424639,0.4846153846153846
Tristana,MasterYi,6.851377804547508,0.4846153846153846
Malphite,Tristana,5.804723159357016,0.5401709401709401
Tristana,Malphite,4.404457160066255,0.5401709401709401
Fizz,Tristana,6.205408992865439,0.5106951871657754
Tristana,Fizz,2.8158409878030417,0.5106951871657754
Fiora,Jhin,10.128988458927358,0.5026809651474531
Jhin,Fiora,3.2354599470876524,0.5026809651474531
Nidalee,Jhin,9.980582524271844,0.4591439688715953
Jhin,Nidalee,1.1146289630047275,0.4591439688715953
Zoe,Jhin,10.231729055258466,0.4425087108013937
Jhin,Zoe,1.2447412933165634,0.4425087108013937
Jax,Tristana,6.253948199620973,0.4790764790764791
Tristana,Jax,5.217587712693871,0.4790764790764791
Brand,Sett,5.827084650826633,0.5612403100775194
Sett,Brand,4.699111175870611,0.5612403100775194
MasterYi,Brand,5.437448896156991,0.531328320802005
Brand,MasterYi,7.209323335441323,0.531328320802005
Kayle,Nami,5.0869012293344635,0.5416666666666666
Nami,Kayle,3.1704095112285335,0.5416666666666666
Khazix,Thresh,5.310101638664177,0.48828125
Thresh,Khazix,6.194047907089281,0.48828125
Shaco,Sett,6.104480532185482,0.5288461538461539
Sett,Shaco,4.546116858516683,0.5288461538461539
Kassadin,Sett,6.110318592486923,0.5758754863813229
Sett,Kassadin,1.8723590266647236,0.5758754863813229
Xerath,Ezreal,8.916376755572736,0.5014450867052023
Ezreal,Xerath,3.9262411347517734,0.5014450867052023
Khazix,Vex,6.485514761805988,0.5490405117270789
Vex,Khazix,6.36406811859692,0.5490405117270789
Tryndamere,Caitlyn,8.43553694286569,0.4787234042553192
Caitlyn,Tryndamere,4.451460142067877,0.4787234042553192
Kayn,Caitlyn,8.092972544355238,0.4745866503368034
Caitlyn,Kayn,8.592475664298869,0.4745866503368034
Sion,Khazix,6.315396113602392,0.5502958579881657
Khazix,Sion,2.336997856599599,0.5502958579881657
Caitlyn,Morgana,11.281241778479348,0.53125
Morgana,Caitlyn,12.75431290898275,0.53125
Sona,Yone,9.280500521376434,0.6207865168539326
Yone,Sona,1.644113979587124,0.6207865168539326
Sona,Ezreal,8.237747653806048,0.5791139240506329
Ezreal,Sona,1.7929078014184399,0.5791139240506329
Urgot,Lucian,7.951945080091533,0.48201438848920863
Lucian,Urgot,2.2248306034252785,0.48201438848920863
Talon,Vayne,7.675877719930583,0.44
Vayne,Talon,3.3145031127507494,0.44
Talon,Yuumi,6.594580162862101,0.49190283400809715
Yuumi,Talon,3.3281681600754567,0.49190283400809715
Annie,Vayne,7.864450127877237,0.5338753387533876
Vayne,Annie,2.1270463454000463,0.5338753387533876
Kennen,MissFortune,14.09412955465587,0.5044883303411131
MissFortune,Kennen,1.7874334124895708,0.5044883303411131
Lillia,MissFortune,14.366156511695063,0.5477386934673367
MissFortune,Lillia,3.1929914639625183,0.5477386934673367
Twitch,Lulu,12.300135855366287,0.5012744265080714
Lulu,Twitch,13.282925177745176,0.5012744265080714
Ryze,LeeSin,6.853369763205828,0.4186046511627907
LeeSin,Ryze,1.977401129943503,0.4186046511627907
Ryze,Yuumi,6.9216757741347905,0.4375
Yuumi,Ryze,2.0481034831233575,0.4375
Sett,Vex,6.382048666763806,0.5251141552511416
Vex,Sett,5.943415428455119,0.5251141552511416
Draven,Yuumi,6.897823681298414,0.5347593582887701
Yuumi,Draven,3.7795593882638276,0.5347593582887701
Blitzcrank,Sylas,5.024186455584872,0.4923413566739606
Sylas,Blitzcrank,4.00806875986669,0.4923413566739606
Zac,Yasuo,16.06268364348678,0.5289634146341463
Yasuo,Zac,2.0807561772449015,0.5289634146341463
Rakan,Yasuo,15.132382892057025,0.4845222072678331
Yasuo,Rakan,2.3567101214831734,0.4845222072678331
Warwick,Akali,5.080808080808081,0.4433399602385686
Akali,Warwick,5.170641447368421,0.4433399602385686
Teemo,Viego,6.0606060606060606,0.5576496674057649
Viego,Teemo,6.59597806215722,0.5576496674057649
Gnar,MissFortune,13.627700127064804,0.5221445221445221
MissFortune,Gnar,1.3766767216481612,0.5221445221445221
Lillia,Pyke,5.096736933294832,0.5694050991501416
Pyke,Lillia,3.206176203451408,0.5694050991501416
Evelynn,Leona,5.4321448571961914,0.5292096219931272
Leona,Evelynn,2.5304347826086957,0.5292096219931272
Sona,Kayn,8.628779979144943,0.5498489425981873
Kayn,Sona,1.640400436118545,0.5498489425981873
Sona,MissFortune,14.963503649635038,0.578397212543554
MissFortune,Sona,1.8419870354919452,0.578397212543554
Akali,Yuumi,6.4144736842105265,0.4391025641025641
Yuumi,Akali,4.2040018864111035,0.4391025641025641
Swain,Graves,5.750108084738435,0.5463659147869674
Graves,Swain,3.025707135815576,0.5463659147869674
Draven,Leona,5.987950325833026,0.4928131416837782
Leona,Draven,4.234782608695652,0.4928131416837782
Varus,Teemo,7.427487123881811,0.4051094890510949
Teemo,Varus,1.8410266747295572,0.4051094890510949
Varus,Zed,8.593114665220927,0.444794952681388
Zed,Varus,1.739178142316344,0.444794952681388
Nocturne,Caitlyn,8.46931894807822,0.5270700636942676
Caitlyn,Nocturne,3.304393580636675,0.5270700636942676
Vi,Teemo,6.468006468006468,0.5535714285714286
Teemo,Vi,1.8813411274608611,0.5535714285714286
Vi,Morgana,7.184107184107185,0.4758842443729904
Morgana,Vi,1.850089232599643,0.4758842443729904
Evelynn,Vayne,7.634870263207019,0.508557457212714
Vayne,Evelynn,2.3576204749827068,0.508557457212714
Ekko,Leona,5.314923397011538,0.5177935943060499
Leona,Ekko,4.886956521739131,0.5177935943060499
DrMundo,MissFortune,13.736160630512293,0.5163934426229508
MissFortune,DrMundo,2.34901482574931,0.5163934426229508
XinZhao,Katarina,6.070763500931099,0.5480572597137015
Katarina,XinZhao,3.5235624729788153,0.5480572597137015
Katarina,Jax,5.13042225104482,0.4705056179775281
Jax,Katarina,6.42541286887465,0.4705056179775281
Evelynn,Zed,8.026880716819115,0.5511627906976744
Zed,Evelynn,2.359137543205135,0.5511627906976744
XinZhao,Sylas,5.21415270018622,0.48333333333333334
Sylas,XinZhao,3.683564286967199,0.48333333333333334
Warwick,Sylas,5.161616161616162,0.48532289628180036
Sylas,Warwick,4.4816698824767585,0.48532289628180036
Kayn,Jhin,10.23391812865497,0.5012106537530266
Jhin,Kayn,8.95606540313137,0.5012106537530266
Swain,Jhin,12.393716673872316,0.5476744186046512
Jhin,Swain,3.7298868022726284,0.5476744186046512
Ekko,Irelia,6.922640438812181,0.5081967213114754
Irelia,Ekko,4.504892608775925,0.5081967213114754
Nocturne,Kaisa,5.4349291975724885,0.49627791563275436
Kaisa,Nocturne,3.474137931034483,0.49627791563275436
MasterYi,Ashe,5.498773507767784,0.5229244114002478
Ashe,MasterYi,6.3378622477028195,0.5229244114002478
Ashe,Katarina,6.361423073902459,0.5160493827160494
Katarina,Ashe,5.836575875486381,0.5160493827160494
Tryndamere,Ashe,5.563864792102901,0.46415770609318996
Ashe,Tryndamere,4.3823136731328045,0.46415770609318996
Kayle,Leona,5.468418821534549,0.5478036175710594
Leona,Kayle,3.3652173913043484,0.5478036175710594
Kayle,Yuumi,6.499929348594037,0.4891304347826087
Yuumi,Kayle,3.0991039547261336,0.4891304347826087
MonkeyKing,Yuumi,6.734340183213666,0.5073529411764706
Yuumi,MonkeyKing,1.8325136427945834,0.5073529411764706
Twitch,Yuumi,13.846796948479465,0.5230188679245283
Yuumi,Twitch,8.926766826113319,0.5230188679245283
Vayne,Lulu,7.1766197832603185,0.5244979919678715
Lulu,Vayne,14.050332919535041,0.5244979919678715
Twitch,Graves,5.601421256139617,0.5261194029850746
Graves,Twitch,4.0646090847046334,0.5261194029850746
Lulu,Graves,6.206974382123914,0.5254545454545455
Graves,Lulu,4.17077424736483,0.5254545454545455
Vi,MissFortune,13.490413490413491,0.5325342465753424
MissFortune,Vi,1.8740774019639306,0.5325342465753424
Zyra,Yasuo,13.424378904547435,0.5768398268398268
Yasuo,Zyra,2.93082120087544,0.5768398268398268
Tryndamere,Lux,12.493768072589491,0.48922585794094176
Lux,Tryndamere,4.500233451855045,0.48922585794094176
MasterYi,Lux,12.782774597983101,0.5250533049040512
Lux,MasterYi,6.737779693280179,0.5250533049040512
Shen,LeeSin,6.5097236438075745,0.4559748427672956
LeeSin,Shen,2.0890815924320063,0.4559748427672956
Shen,Nami,5.424769703172978,0.49433962264150944
Nami,Shen,2.3337736679876704,0.49433962264150944
Ziggs,LeeSin,6.579314190131029,0.4533898305084746
LeeSin,Ziggs,1.550387596899225,0.4533898305084746
Leona,Katarina,6.0086956521739125,0.492040520984081
Katarina,Leona,4.979103617235913,0.492040520984081
Ekko,Jinx,5.125780215623227,0.533210332103321
Jinx,Ekko,4.834537507804835,0.533210332103321
Lissandra,Kayn,8.886027044430135,0.4782608695652174
Kayn,Lissandra,1.367826345524829,0.4782608695652174
Warwick,Yuumi,6.373737373737373,0.5166402535657686
Yuumi,Warwick,4.251162163983023,0.5166402535657686
Malzahar,Ashe,5.62038580614432,0.5042372881355932
Ashe,Malzahar,1.8534516610382472,0.5042372881355932
Soraka,Ashe,5.442176870748299,0.5465686274509803
Ashe,Soraka,3.204272363150868,0.5465686274509803
Kayle,Amumu,5.652112477038293,0.5225
Amumu,Kayle,3.3681374200067364,0.5225
Kassadin,Viego,6.062767475035663,0.5098039215686274
Viego,Kassadin,1.8647166361974405,0.5098039215686274
Ekko,Lucian,8.719500662001135,0.48156182212581344
Lucian,Ekko,4.919169823400736,0.48156182212581344
LeeSin,Vex,6.418341873603994,0.5046059365404298
Vex,LeeSin,6.62867223013773,0.5046059365404298
LeeSin,Jhin,9.900144527657337,0.45852687458526875
Jhin,LeeSin,6.535976059331222,0.45852687458526875
Vex,Jhin,9.837845172671145,0.516551724137931
Jhin,Vex,6.288762631738734,0.516551724137931
Bard,Jhin,12.39515377446412,0.46616541353383456
Jhin,Bard,1.1536626620982782,0.46616541353383456
Riven,Katarina,6.05424321959755,0.4884393063583815
Katarina,Riven,2.493154633232454,0.4884393063583815
Poppy,Katarina,6.675567423230974,0.532
Katarina,Poppy,1.801412307248883,0.532
Kaisa,Morgana,7.155172413793104,0.4674698795180723
Morgana,Kaisa,4.937537180249851,0.4674698795180723
Fizz,Khazix,6.454289032686244,0.42159383033419023
Khazix,Fizz,2.689621793542142,0.42159383033419023
Seraphine,Ezreal,7.861302276336686,0.4831649831649832
Ezreal,Seraphine,3.370212765957447,0.4831649831649832
Aatrox,Caitlyn,8.54995938261576,0.38954869358669836
Caitlyn,Aatrox,2.21520652459879,0.38954869358669836
Hecarim,Caitlyn,8.208955223880597,0.4382284382284382
Caitlyn,Hecarim,2.2573007103393845,0.4382284382284382
Aphelios,Graves,5.805148914689551,0.4463768115942029
Graves,Aphelios,2.6162129369833926,0.4463768115942029
Graves,Leona,5.088344581785091,0.496274217585693
Leona,Graves,5.834782608695653,0.496274217585693
Nasus,Tristana,6.101890050849084,0.5267295597484277
Tristana,Nasus,4.788435476584851,0.5267295597484277
Braum,Khazix,7.046799354491662,0.5152671755725191
Khazix,Braum,1.8115190486067898,0.5152671755725191
Rengar,Katarina,6.132416787264834,0.45427728613569324
Katarina,Rengar,2.4427150886294857,0.45427728613569324
JarvanIV,Vayne,7.942536327608983,0.5467775467775468
Vayne,JarvanIV,2.7726539082314967,0.5467775467775468
Karma,Viego,5.94573792572638,0.4886731391585761
Viego,Karma,2.259597806215722,0.4886731391585761
Ryze,Viego,6.3296903460837886,0.4460431654676259
Viego,Ryze,2.03290676416819,0.4460431654676259
Sivir,Kayn,8.760923145866009,0.5038363171355499
Kayn,Sivir,1.9377539894935076,0.5038363171355499
Senna,Kayn,8.937810692908593,0.46651532349602726
Kayn,Senna,4.3661413420557045,0.46651532349602726
Syndra,Kayn,8.631682197155468,0.4914772727272727
Kayn,Syndra,1.744474179799782,0.4914772727272727
Seraphine,Kayn,9.462678665960826,0.48671328671328673
Kayn,Seraphine,3.5434631777183068,0.48671328671328673
Urgot,Jhin,10.659801678108314,0.5438282647584973
Jhin,Urgot,2.4244264214772087,0.5438282647584973
Renekton,MissFortune,14.277777777777779,0.5077821011673151
MissFortune,Renekton,1.6494448366600345,0.5077821011673151
Renekton,Morgana,7.444444444444444,0.48507462686567165
Morgana,Renekton,1.5942891136228436,0.48507462686567165
XinZhao,Morgana,7.635009310986965,0.5365853658536586
Morgana,XinZhao,3.6585365853658534,0.5365853658536586
Shyvana,MissFortune,13.83413908516177,0.489247311827957
MissFortune,Shyvana,1.193761632757846,0.489247311827957
Volibear,Yuumi,6.437291897891232,0.49137931034482757
Yuumi,Volibear,3.907565855959038,0.49137931034482757
MonkeyKing,Lux,12.379301807378065,0.546
Lux,MonkeyKing,1.7957835003411988,0.546
Zac,Irelia,7.0274240940254655,0.5156794425087108
Irelia,Zac,1.7662625392331834,0.5156794425087108
Draven,Sylas,5.201032829214312,0.5130023640661938
Sylas,Draven,3.7098754604455357,0.5130023640661938
Veigar,Khazix,6.443587510884438,0.5115830115830116
Khazix,Veigar,3.5815529281615155,0.5115830115830116
Annie,MasterYi,6.457800511508951,0.5148514851485149
MasterYi,Annie,2.064595257563369,0.5148514851485149
Shaco,Ashe,5.497945607513207,0.49644128113879005
Ashe,Shaco,4.413728108065656,0.49644128113879005
Vladimir,Viego,6.204739960500329,0.4588859416445623
Viego,Vladimir,2.756855575868373,0.4588859416445623
Riven,Ezreal,7.83902012248469,0.46205357142857145
Ezreal,Riven,2.541843971631206,0.46205357142857145
Riven,Yuumi,6.859142607174102,0.46938775510204084
Yuumi,Riven,2.6409755440274876,0.46938775510204084
Ahri,LeeSin,6.624452021432051,0.42401960784313725
LeeSin,Ahri,2.6803310997240835,0.42401960784313725
Ezreal,Yuumi,8.851063829787234,0.4878205128205128
Yuumi,Ezreal,10.510004716027757,0.4878205128205128
Illaoi,Morgana,8.05921052631579,0.5238095238095238
Morgana,Illaoi,1.7489589530041643,0.5238095238095238
Lillia,Jinx,5.125613629800751,0.5211267605633803
Jinx,Lillia,3.1665328695031665,0.5211267605633803
Jinx,Lulu,6.787976094906788,0.5019710906701709
Lulu,Jinx,8.588195463265997,0.5019710906701709
Darius,Lux,12.854707710819213,0.4921996879875195
Lux,Darius,4.604388894874834,0.4921996879875195
Garen,Amumu,5.123873873873873,0.5934065934065934
Amumu,Garen,3.8312563152576624,0.5934065934065934
Chogath,MissFortune,13.409961685823754,0.5238095238095238
MissFortune,Chogath,2.021693087735062,0.5238095238095238
Xerath,LeeSin,6.7645921917278695,0.49523809523809526
LeeSin,Xerath,3.448955459203784,0.49523809523809526
Aphelios,Vex,6.612821807168097,0.46564885496183206
Vex,Aphelios,2.6663952778343174,0.46564885496183206
Sett,Katarina,5.937636602069066,0.5214723926380368
Katarina,Sett,5.872604121631359,0.5214723926380368
Vladimir,Amumu,5.085582620144832,0.511326860841424
Amumu,Vladimir,2.601886156955204,0.511326860841424
Nocturne,Morgana,7.6736345246122735,0.5114235500878734
Morgana,Nocturne,3.3848899464604405,0.5114235500878734
Twitch,Zed,7.879611244644163,0.4482758620689655
Zed,Twitch,4.136720250178307,0.4482758620689655
Diana,Tristana,6.049744759422179,0.5565529622980251
Tristana,Diana,4.193645535310947,0.5565529622980251
Vladimir,Nami,5.513495720868993,0.5194029850746269
Nami,Vladimir,2.9502421840598854,0.5194029850746269
Warwick,Teemo,6.8181818181818175,0.5555555555555556
Teemo,Warwick,4.5353759322717195,0.5555555555555556
Renekton,Lux,12.027777777777777,0.45727482678983833
Lux,Renekton,1.5551485112954784,0.45727482678983833
Darius,Vex,6.517597513285872,0.52
Vex,Darius,4.410068525680169,0.52
Zyra,Kaisa,5.026877814906291,0.49421965317919075
Kaisa,Zyra,2.9827586206896552,0.49421965317919075
Velkoz,Ezreal,8.800603469952225,0.5085714285714286
Ezreal,Velkoz,1.9858156028368796,0.5085714285714286
Sona,Khazix,6.256517205422315,0.5916666666666667
Khazix,Sona,1.6594067620825554,0.5916666666666667
Sona,Vayne,8.498435870698644,0.558282208588957
Vayne,Sona,1.8791791560986857,0.558282208588957
Fiora,Ezreal,7.630685675492193,0.4804270462633452
Ezreal,Fiora,3.1886524822695037,0.4804270462633452
TwistedFate,LeeSin,7.462351090132614,0.45481927710843373
LeeSin,TwistedFate,2.1810537380107737,0.45481927710843373
Rakan,LeeSin,6.578411405295316,0.44272445820433437
LeeSin,Rakan,2.121928787281566,0.44272445820433437
Yorick,Jhin,10.348042262274705,0.5135135135135135
Jhin,Yorick,1.4442468664613783,0.5135135135135135
Yorick,Lux,13.393412057178372,0.5777262180974478
Lux,Yorick,1.5479653772941133,0.5777262180974478
Sivir,Teemo,6.856374635895138,0.5490196078431373
Teemo,Sivir,2.0560370892965127,0.5490196078431373
Sivir,Morgana,8.24557472552095,0.4782608695652174
Morgana,Sivir,2.1891731112433073,0.4782608695652174
Lulu,Khazix,6.861528044238799,0.46710526315789475
Khazix,Lulu,4.203830463942474,0.46710526315789475
Vi,Jhin,10.025410025410025,0.5691244239631337
Jhin,Vi,1.8822917118445592,0.5691244239631337
Rakan,Khazix,6.843177189409369,0.5297619047619048
Khazix,Rakan,2.323169466915578,0.5297619047619048
Nunu,Teemo,6.755821996771962,0.5255972696245734
Teemo,Nunu,1.968689108378687,0.5255972696245734
Nunu,Vayne,7.724233341019138,0.5194029850746269
Vayne,Nunu,1.9310583352547845,0.5194029850746269
Nunu,Thresh,5.925755130274384,0.44357976653696496
Thresh,Nunu,2.0727478022421164,0.44357976653696496
Nautilus,Katarina,6.134326620882319,0.5142314990512334
Katarina,Nautilus,3.7973771436806456,0.5142314990512334
Nautilus,Tristana,6.262367593993715,0.49814126394052044
Tristana,Nautilus,4.0505947899412735,0.49814126394052044
Jax,Ashe,5.820774298348525,0.5364341085271318
Ashe,Jax,5.065577632922328,0.5364341085271318
Warwick,Ashe,6.1010101010101,0.5033112582781457
Ashe,Warwick,4.743579674860598,0.5033112582781457
Warwick,Brand,5.262626262626262,0.5700575815738963
Brand,Warwick,4.706838919504923,0.5700575815738963
Evelynn,Sett,6.3281687511666975,0.5162241887905604
Sett,Evelynn,2.469765408713391,0.5162241887905604
Evelynn,Yuumi,7.0748553294754535,0.5065963060686016
Yuumi,Evelynn,2.553392171393923,0.5065963060686016
Graves,Lucian,8.478046561007051,0.4865831842576029
Lucian,Graves,5.964893560262498,0.4865831842576029
Nautilus,Graves,5.773483878477476,0.5060483870967742
Graves,Nautilus,3.7612800485326456,0.5060483870967742
Nautilus,Khazix,6.448609009428472,0.5487364620938628
Khazix,Nautilus,3.830463942473899,0.5487364620938628
Aatrox,Morgana,7.6360682372055235,0.46808510638297873
Morgana,Aatrox,2.236763831052945,0.46808510638297873
Aatrox,Yuumi,6.5393988627132416,0.45962732919254656
Yuumi,Aatrox,2.1693727683082935,0.45962732919254656
Jinx,Morgana,7.144768530907145,0.5368289637952559
Morgana,Jinx,4.765020820939917,0.5368289637952559
Volibear,Katarina,5.948945615982242,0.46455223880597013
Katarina,Volibear,3.862227986741605,0.46455223880597013
Volibear,Lux,12.41953385127636,0.5352993744414656
Lux,Volibear,4.018963473763603,0.5352993744414656
Nocturne,Katarina,6.284558327714093,0.5364806866952789
Katarina,Nocturne,3.3578325407119185,0.5364806866952789
Galio,Vayne,7.8680937228811105,0.4963235294117647
Vayne,Galio,1.5679040811620935,0.4963235294117647
Camille,Jhin,9.864237841553532,0.5156794425087108
Jhin,Camille,2.4894825866331267,0.5156794425087108
Velkoz,Jhin,10.837314558712597,0.5522041763341067
Jhin,Velkoz,1.8692804788133757,0.5522041763341067
Jinx,Graves,5.655160110605655,0.5457413249211357
Graves,Jinx,4.807765223326003,0.5457413249211357
Graves,Thresh,5.61917039508607,0.4925775978407557
Thresh,Graves,5.976288410355674,0.4925775978407557
Qiyana,Thresh,5.268774176337201,0.4506329113924051
Thresh,Qiyana,3.185740785547222,0.4506329113924051
Jinx,Thresh,5.583801623405584,0.4712460063897764
Thresh,Jinx,5.048794257601419,0.4712460063897764
Volibear,Jhin,9.955604883462819,0.49944258639910816
Jhin,Volibear,3.890358676323893,0.49944258639910816
Lissandra,MissFortune,13.972955569864778,0.532258064516129
MissFortune,Lissandra,1.3927219048841537,0.532258064516129
Garen,Brand,5.011261261261262,0.5438202247191011
Brand,Garen,4.02023669708194,0.5438202247191011
Rell,Samira,11.97252208047105,0.4959016393442623
Samira,Rell,2.4470965800822384,0.4959016393442623
Aatrox,LeeSin,6.762794476035744,0.45045045045045046
LeeSin,Aatrox,2.187623176980686,0.45045045045045046
Brand,LeeSin,6.721474387930256,0.4825268817204301
LeeSin,Brand,4.887662593614505,0.4825268817204301
Braum,Ashe,8.741258741258742,0.5446153846153846
Ashe,Braum,2.5524228382941963,0.5446153846153846
Illaoi,Lux,13.212719298245615,0.487551867219917
Lux,Illaoi,1.7311352943289158,0.487551867219917
Jinx,Sylas,5.004013914905004,0.47950089126559714
Sylas,Jinx,4.920189440449044,0.47950089126559714
Soraka,Jinx,5.188742163532079,0.5398457583547558
Jinx,Soraka,3.46980644010347,0.5398457583547558
Nasus,MasterYi,6.600786721673223,0.5087209302325582
MasterYi,Nasus,4.687925865358408,0.5087209302325582
Darius,Tristana,5.775594104081018,0.4670138888888889
Tristana,Darius,4.336696280680621,0.4670138888888889
Fizz,LeeSin,6.902273104363697,0.47836538461538464
LeeSin,Fizz,2.732886611483379,0.47836538461538464
Camille,Thresh,5.688262588073552,0.4773413897280967
Thresh,Camille,2.669570126623115,0.4773413897280967
JarvanIV,Thresh,6.0105680317040955,0.4835164835164835
Thresh,JarvanIV,2.9357206226308574,0.4835164835164835
Braum,Vayne,7.55782678859602,0.5658362989323843
Vayne,Braum,1.6197832603181923,0.5658362989323843
Ziggs,Sett,6.802341789796487,0.4672131147540984
Sett,Ziggs,1.7776482587789597,0.4672131147540984
Janna,Ezreal,7.804568527918781,0.524390243902439
Ezreal,Janna,1.3957446808510638,0.524390243902439
Gangplank,Amumu,5.47985347985348,0.5
Amumu,Gangplank,3.1492084877062982,0.5
Leblanc,Khazix,6.239577543079489,0.5300668151447662
Khazix,Leblanc,3.1044734840627806,0.5300668151447662
Darius,Zed,7.87125238142986,0.4318471337579618
Zed,Darius,4.306797607944259,0.4318471337579618
Samira,Zed,7.762511282719887,0.46511627906976744
Zed,Samira,4.246447577769243,0.46511627906976744
Samira,Pyke,5.024571256644268,0.4630738522954092
Pyke,Samira,4.5504087193460485,0.4630738522954092
Blitzcrank,Tristana,7.014072119613017,0.5391849529780565
Tristana,Blitzcrank,4.8034934497816595,0.5391849529780565
Sion,Ezreal,7.567264573991031,0.4691358024691358
Ezreal,Sion,2.297872340425532,0.4691358024691358
FiddleSticks,Yasuo,14.810810810810812,0.5547445255474452
Yasuo,FiddleSticks,1.7381926602594602,0.5547445255474452
Nidalee,Yasuo,14.21359223300971,0.4808743169398907
Yasuo,Nidalee,1.1609096964506613,0.4808743169398907
Kennen,Khazix,6.351214574898785,0.5258964143426295
Khazix,Kennen,1.7354629053446726,0.5258964143426295
Kennen,Ezreal,7.667004048582996,0.48514851485148514
Ezreal,Kennen,1.7191489361702128,0.48514851485148514
Chogath,Khazix,6.619838229033631,0.5241157556270096
Khazix,Chogath,2.1503145958653116,0.5241157556270096
Chogath,Ezreal,7.577692635163899,0.5365168539325843
Ezreal,Chogath,2.0198581560283686,0.5365168539325843
Nunu,Katarina,6.225501498731843,0.45925925925925926
Katarina,Nunu,1.9455252918287937,0.45925925925925926
Nunu,Caitlyn,8.715702098224579,0.5052910052910053
Caitlyn,Nunu,1.9889502762430937,0.5052910052910053
Seraphine,MasterYi,6.299629433562731,0.4831932773109244
MasterYi,Seraphine,3.243390569637503,0.4831932773109244
Neeko,Kayn,9.104088141490287,0.5095541401273885
Kayn,Neeko,1.5561502626623056,0.5095541401273885
Sivir,Irelia,7.640600492941968,0.49560117302052786
Irelia,Sivir,2.0985906825035388,0.49560117302052786
XinZhao,Tristana,5.822470515207946,0.5010660980810234
Tristana,XinZhao,3.5310947146514082,0.5010660980810234
Gnar,Lucian,8.703939008894537,0.5145985401459854
Lucian,Gnar,1.4618791015312385,0.5145985401459854
Yorick,Ezreal,7.8309509011808585,0.48412698412698413
Ezreal,Yorick,1.429787234042553,0.48412698412698413
Malzahar,Amumu,5.6442010002381515,0.5274261603375527
Amumu,Malzahar,1.9956214213539911,0.5274261603375527
Malzahar,MissFortune,13.455584663015003,0.5504424778761062
MissFortune,Malzahar,1.8131057056671587,0.5504424778761062
Leblanc,Kaisa,5.544747081712062,0.48120300751879697
Kaisa,Leblanc,3.4396551724137927,0.48120300751879697
Kaisa,Pyke,5.5,0.4843260188087774
Pyke,Kaisa,5.794732061762034,0.4843260188087774
Xayah,Graves,5.784982935153583,0.5634218289085545
Graves,Xayah,2.5707135815575946,0.5634218289085545
Mordekaiser,Khazix,6.1888638073739655,0.5227963525835866
Khazix,Mordekaiser,4.549540206043006,0.5227963525835866
Sion,Vex,6.296711509715994,0.486646884272997
Vex,Sion,2.286450912544949,0.486646884272997
Nautilus,Teemo,6.9142125480153656,0.5521885521885522
Teemo,Nautilus,3.9911308203991127,0.5521885521885522
Soraka,Ezreal,8.363345338135254,0.5550239234449761
Ezreal,Soraka,3.5574468085106385,0.5550239234449761
Volibear,Kaisa,5.183129855715872,0.47751605995717344
Kaisa,Volibear,4.025862068965518,0.47751605995717344
Sivir,MasterYi,6.497871386959445,0.5103448275862069
MasterYi,Sivir,1.9760152630144454,0.5103448275862069
Annie,Kayn,8.844842284739983,0.4819277108433735
Kayn,Annie,2.056695410843493,0.4819277108433735
Samira,Katarina,5.937217932002809,0.43243243243243246
Katarina,Samira,4.2657443435653555,0.43243243243243246
Rengar,Vayne,7.507235890014472,0.4891566265060241
Vayne,Rengar,2.392206594420106,0.4891566265060241
Fizz,Vayne,7.980753276920524,0.5363825363825364
Vayne,Fizz,2.7726539082314967,0.5363825363825364
Velkoz,Vayne,7.367362333417149,0.5631399317406144
Vayne,Velkoz,1.6889554991929905,0.5631399317406144
Jayce,Lucian,8.668842945230324,0.48535564853556484
Lucian,Jayce,1.2751427199487808,0.48535564853556484
Ezreal,Lux,12.573049645390071,0.4878158844765343
Lux,Ezreal,7.958912473512194,0.4878158844765343
Aphelios,Kayn,9.086320040383644,0.44074074074074077
Kayn,Aphelios,2.6761819803746656,0.44074074074074077
Xayah,Kayn,8.839590443686006,0.5057915057915058
Kayn,Xayah,2.5671523441371793,0.5057915057915058
Quinn,Lux,11.845861084681255,0.4939759036144578
Lux,Quinn,0.894300183169917,0.4939759036144578
Samira,Leona,7.531842342794103,0.5179760319573902
Leona,Samira,6.530434782608696,0.5179760319573902
Urgot,Ezreal,7.608695652173914,0.518796992481203
Ezreal,Urgot,2.2638297872340427,0.518796992481203
Zoe,MissFortune,13.725490196078432,0.4883116883116883
MissFortune,Zoe,1.2354791091714268,0.4883116883116883
Brand,MissFortune,13.379709097479447,0.5388251181634031
MissFortune,Brand,4.752583274500995,0.5388251181634031
Garen,MissFortune,13.344594594594595,0.5485232067510548
MissFortune,Garen,3.8027084269302356,0.5485232067510548
Seraphine,Mordekaiser,5.095288512440445,0.522077922077922
Mordekaiser,Seraphine,3.621143717080512,0.522077922077922
Ekko,Sett,5.8350671458293935,0.5121555915721232
Sett,Ekko,4.495118752732042,0.5121555915721232
Zoe,Lucian,8.663101604278074,0.448559670781893
Lucian,Zoe,1.2964840207010617,0.448559670781893
Sona,Lucian,8.02919708029197,0.5454545454545454
Lucian,Sona,1.6432801579256255,0.5454545454545454
Zyra,Jhin,11.82623855876798,0.5933660933660934
Jhin,Zyra,3.530381229127814,0.5933660933660934
Evelynn,Kaisa,5.4321448571961914,0.5257731958762887
Kaisa,Evelynn,2.5086206896551726,0.5257731958762887
Kaisa,Leona,5.379310344827586,0.46314102564102566
Leona,Kaisa,5.426086956521739,0.46314102564102566
Urgot,Lux,12.433257055682684,0.5276073619631901
Lux,Urgot,2.341701684444923,0.5276073619631901
Trundle,Caitlyn,8.082008616847421,0.5165441176470589
Caitlyn,Trundle,2.8624046303604316,0.5165441176470589
Kaisa,MasterYi,6.293103448275862,0.5
MasterYi,Kaisa,4.974107386208776,0.5
Udyr,Lux,13.287612516073724,0.5193548387096775
Lux,Udyr,1.1133857702115433,0.5193548387096775
Sejuani,MissFortune,13.336452971455312,0.5333333333333333
MissFortune,Sejuani,0.9145754444515757,0.5333333333333333
Gragas,Yasuo,17.525385483264387,0.5214592274678111
Yasuo,Gragas,1.4780981381038476,0.5214592274678111
Nocturne,Ashe,5.542818610923804,0.5328467153284672
Ashe,Nocturne,3.227833189350507,0.5328467153284672
Blitzcrank,Samira,5.002198768689533,0.47912087912087914
Samira,Blitzcrank,4.563233376792699,0.47912087912087914
Olaf,MissFortune,13.908313908313907,0.44972067039106145
MissFortune,Olaf,1.148835119697067,0.44972067039106145
Kayle,Ezreal,7.6586124063868875,0.5055350553505535
Ezreal,Kayle,3.075177304964539,0.5055350553505535
Nasus,Yuumi,6.3801208865010075,0.5218045112781955
Yuumi,Nasus,4.480226369332345,0.5218045112781955
Kassadin,Yuumi,7.655729909652877,0.5403726708074534
Yuumi,Kassadin,2.1693727683082935,0.5403726708074534
Akali,MasterYi,6.877055921052631,0.4947683109118087
MasterYi,Akali,4.5584627964022895,0.4947683109118087
XinZhao,Ezreal,7.945375543140906,0.5125
Ezreal,XinZhao,3.631205673758865,0.5125
XinZhao,Brand,5.152079453755432,0.5710843373493976
Brand,XinZhao,3.7492095040202367,0.5710843373493976
Trundle,Katarina,6.061506462635567,0.5122549019607843
Katarina,Trundle,2.939904885430177,0.5122549019607843
Darius,MissFortune,13.496440389050438,0.5022288261515602
MissFortune,Darius,4.319363327129196,0.5022288261515602
Fizz,MasterYi,7.084785133565622,0.5480093676814989
MasterYi,Fizz,2.9095121286454075,0.5480093676814989
Trundle,Ezreal,7.636309612241867,0.5428015564202334
Ezreal,Trundle,2.916312056737589,0.5428015564202334
Lillia,Vayne,7.37799595726249,0.5538160469667319
Vayne,Lillia,2.945584505418492,0.5538160469667319
Janna,Vayne,8.121827411167512,0.5
Vayne,Janna,1.4756744293290294,0.5
Soraka,Ekko,5.015339469120981,0.5452127659574468
Ekko,Soraka,3.555891810100246,0.5452127659574468
Xayah,Sylas,5.102389078498294,0.44816053511705684
Sylas,Xayah,2.6223469566742676,0.44816053511705684
Aphelios,Thresh,9.321891300689886,0.44223826714801445
Thresh,Aphelios,4.468102266311799,0.44223826714801445
Chogath,Ashe,5.747126436781609,0.5222222222222223
Ashe,Chogath,2.120474357967486,0.5222222222222223
Diana,Ezreal,7.602910828717279,0.5171428571428571
Ezreal,Diana,3.9716312056737593,0.5171428571428571
Jinx,Teemo,6.324145928106324,0.5543018335684062
Teemo,Jinx,4.76382449774911,0.5543018335684062
Qiyana,Nami,5.175403494731226,0.4742268041237113
Nami,Qiyana,3.4169969176574195,0.4742268041237113
Pantheon,Samira,5.230907188761022,0.44857142857142857
Samira,Pantheon,3.5101795206097686,0.44857142857142857
Illaoi,Jhin,9.868421052631579,0.5277777777777778
Jhin,Illaoi,1.5613479637420307,0.5277777777777778
FiddleSticks,Caitlyn,8.405405405405405,0.4758842443729904
Caitlyn,FiddleSticks,1.6364114706656143,0.4758842443729904
Lissandra,LeeSin,7.726980038634901,0.5125
LeeSin,Lissandra,1.5766653527788728,0.5125
Ryze,Kayn,8.879781420765028,0.382051282051282
Kayn,Ryze,1.9327980969372585,0.382051282051282
Yorick,Lucian,8.1727781230578,0.5931558935361216
Lucian,Yorick,1.403190524462466,0.5931558935361216
Vladimir,Kayn,8.624094799210006,0.5
Kayn,Vladimir,2.5968876994746757,0.5
Pantheon,MasterYi,6.516215812285159,0.5252293577981652
MasterYi,Pantheon,2.9708367402562006,0.5252293577981652
Vladimir,Jhin,9.924292297564188,0.49917081260364843
Jhin,Vladimir,2.6152578392679016,0.49917081260364843
Kassadin,LeeSin,7.037565382786496,0.46621621621621623
LeeSin,Kassadin,1.9445539350939427,0.46621621621621623
LeeSin,Kaisa,5.130731835501249,0.43149807938540335
Kaisa,LeeSin,6.732758620689655,0.43149807938540335
Anivia,Kayn,9.096612296110413,0.503448275862069
Kayn,Anivia,1.4372088413123203,0.503448275862069
Gangplank,Thresh,5.465201465201465,0.4343163538873995
Thresh,Gangplank,3.00830712154206,0.4343163538873995
Tristana,Amumu,5.149826833308237,0.5614035087719298
Amumu,Tristana,5.759514988211519,0.5614035087719298
Shaco,Tristana,6.016435139894345,0.4959349593495935
Tristana,Shaco,4.630326758018371,0.4959349593495935
Velkoz,MissFortune,13.879808901181795,0.5235507246376812
MissFortune,Velkoz,1.771388229253578,0.5235507246376812
Sivir,Lux,13.936813802375084,0.5305466237942122
Lux,Sivir,2.2339546744244516,0.5305466237942122
Zilean,MissFortune,13.624955181068483,0.48947368421052634
MissFortune,Zilean,1.219433925935434,0.48947368421052634
JarvanIV,Lucian,8.190224570673713,0.5020161290322581
Lucian,JarvanIV,2.6463212932828255,0.5020161290322581
Annie,Khazix,6.308610400682012,0.5304054054054054
Khazix,Annie,2.0466016732351515,0.5304054054054054
Fiora,Yuumi,6.666666666666667,0.5010183299389002
Yuumi,Fiora,3.307956612544634,0.5010183299389002
Viego,Vex,6.3034734917733095,0.4976798143851508
Vex,Viego,5.848429337132776,0.4976798143851508
Sivir,Yuumi,6.5874971991933675,0.5544217687074829
Yuumi,Sivir,1.980731658020616,0.5544217687074829
Fizz,Amumu,5.143520822963332,0.5161290322580645
Amumu,Fizz,2.610306500505221,0.5161290322580645
Fizz,Jhin,9.955201592832255,0.51
Jhin,Fizz,2.6022466062367178,0.51
Karma,Jhin,10.910140465653262,0.5343915343915344
Jhin,Karma,2.4591230428936983,0.5343915343915344
Lillia,Leona,6.092982962749061,0.5379146919431279
Leona,Lillia,3.6695652173913045,0.5379146919431279
Lissandra,Lucian,8.113329040566645,0.47619047619047616
Lucian,Lissandra,1.3445019473936937,0.47619047619047616
Shyvana,Yasuo,13.945704722945331,0.56
Yasuo,Shyvana,1.1894566561994482,0.56
Kassadin,Khazix,6.990014265335236,0.5476190476190477
Khazix,Kassadin,2.0327732835511303,0.5476190476190477
Veigar,MasterYi,7.513372309988804,0.5198675496688742
MasterYi,Veigar,4.1155628236576725,0.5198675496688742
Leblanc,Viego,5.8782657031684264,0.5200945626477541
Viego,Leblanc,3.093235831809872,0.5200945626477541
Xerath,Viego,6.249194691405747,0.4927835051546392
Viego,Xerath,3.546617915904936,0.4927835051546392
Warwick,Yone,9.484848484848484,0.549520766773163
Yone,Warwick,4.336581536045814,0.549520766773163
Hecarim,Vex,6.467661691542288,0.5236686390532544
Vex,Hecarim,2.2932356333536874,0.5236686390532544
Sivir,Vex,6.856374635895138,0.5130718954248366
Vex,Sivir,2.0761245674740483,0.5130718954248366
Ziggs,Zed,9.032617786451073,0.5061728395061729
Zed,Ziggs,1.7775827069731718,0.5061728395061729
Veigar,Sett,5.983331260106978,0.5467775467775468
Sett,Veigar,3.5042984117732767,0.5467775467775468
Shaco,Caitlyn,8.315398160829583,0.46705882352941175
Caitlyn,Shaco,4.472507234938174,0.46705882352941175
TwistedFate,Viego,6.248595189930321,0.43884892086330934
Viego,TwistedFate,2.03290676416819,0.43884892086330934
DrMundo,Morgana,7.5060987051979735,0.485
Morgana,DrMundo,2.379535990481856,0.485
Samira,Thresh,5.776752582489219,0.4722222222222222
Thresh,Samira,4.645535930316961,0.4722222222222222
Garen,Tristana,5.743243243243244,0.5019607843137255
Tristana,Garen,3.8397831651859655,0.5019607843137255
Gwen,Ezreal,7.924226254002134,0.4478114478114478
Ezreal,Gwen,1.6851063829787234,0.4478114478114478
Xerath,Khazix,6.803247004252029,0.5132575757575758
Khazix,Xerath,3.650694876581622,0.5132575757575758
FiddleSticks,MissFortune,13.378378378378377,0.5292929292929293
MissFortune,FiddleSticks,1.588473140363263,0.5292929292929293
Ekko,Nami,5.059580102137318,0.5850467289719626
Nami,Ekko,4.711580801409071,0.5850467289719626
Leblanc,Jinx,5.322401334074486,0.5509138381201044
Jinx,Leblanc,3.4162875747034165,0.5509138381201044
Camille,Lucian,9.108094174256745,0.469811320754717
Lucian,Camille,2.8277223496772126,0.469811320754717
Syndra,Lucian,8.974987739087787,0.41530054644808745
Lucian,Syndra,1.952729018833698,0.41530054644808745
DrMundo,Ezreal,7.731281666353912,0.5606796116504854
Ezreal,DrMundo,2.3375886524822693,0.5606796116504854
DrMundo,Brand,5.029086132482642,0.5783582089552238
Brand,DrMundo,2.421176258017888,0.5783582089552238
FiddleSticks,Irelia,7.486486486486486,0.4548736462093863
Irelia,FiddleSticks,1.7047202904794139,0.4548736462093863
Irelia,Brand,5.077235522185981,0.5187878787878788
Brand,Irelia,7.4532478091968555,0.5187878787878788
Swain,Viego,6.110390546188212,0.5424528301886793
Viego,Swain,3.1005484460694697,0.5424528301886793
Evelynn,Pyke,5.4321448571961914,0.47766323024054985
Pyke,Evelynn,2.6430517711171664,0.47766323024054985
Illaoi,MissFortune,13.541666666666666,0.4676113360323887
MissFortune,Illaoi,1.5852641037160644,0.4676113360323887
Ryze,Ashe,5.601092896174864,0.42276422764227645
Ashe,Ryze,1.931987748370376,0.42276422764227645
Malzahar,Khazix,6.954036675398904,0.5102739726027398
Khazix,Malzahar,2.018944893867109,0.5102739726027398
Ahri,Caitlyn,8.47540185094983,0.5
Caitlyn,Ahri,2.7466456195737963,0.5
Hecarim,Jhin,9.892843474933027,0.5377176015473888
Jhin,Hecarim,2.2422691590406387,0.5377176015473888
Qiyana,Jhin,10.05735627584367,0.45490716180371354
Jhin,Qiyana,3.270156568504142,0.45490716180371354
Vi,Yasuo,13.490413490413491,0.5496575342465754
Yasuo,Vi,1.8523804992546071,0.5496575342465754
Shaco,Jhin,10.203482684406183,0.5225311601150527
Jhin,Shaco,4.5235720171748275,0.5225311601150527
Teemo,Khazix,6.134515890613452,0.5553121577217963
Khazix,Teemo,6.312659890755722,0.5553121577217963
Ekko,Yone,9.532816341970872,0.5347222222222222
Yone,Ekko,4.655244077033205,0.5347222222222222
Jayce,MissFortune,13.529198404062386,0.5067024128686327
MissFortune,Jayce,1.1969706694050446,0.5067024128686327
Sylas,Khazix,6.209436940887564,0.5282485875706214
Khazix,Sylas,4.8952499481435385,0.5282485875706214
TahmKench,Jinx,5.385315533980582,0.5154929577464789
Jinx,TahmKench,3.1665328695031665,0.5154929577464789
Irelia,Amumu,5.231091144070405,0.5211764705882352
Amumu,Irelia,7.157292017514314,0.5211764705882352
Riven,Amumu,5.2668416447944,0.574750830564784
Amumu,Riven,2.534523408555069,0.574750830564784
Gwen,Yuumi,7.070437566702241,0.42641509433962266
Yuumi,Gwen,1.7853533652226639,0.42641509433962266
Shen,Caitlyn,8.065506653019447,0.5482233502538071
Caitlyn,Shen,2.073138647724283,0.5482233502538071
Nocturne,Sylas,5.043830074173972,0.5294117647058824
Sylas,Nocturne,3.280126293632696,0.5294117647058824
Kayle,Ashe,5.482549102727145,0.5309278350515464
Ashe,Kayle,3.0472001884866096,0.5309278350515464
XinZhao,Jhin,9.844816883923029,0.5346784363177806
Jhin,XinZhao,3.4393025979095286,0.5346784363177806
Malzahar,Jhin,9.811859966658728,0.5631067961165048
Jhin,Malzahar,1.7868760029492128,0.5631067961165048
Zilean,Jhin,11.18680530656149,0.5641025641025641
Jhin,Zilean,1.3531682352430932,0.5641025641025641
Swain,Zed,7.839746361147139,0.5220588235294118
Zed,Swain,2.9845833104734734,0.5220588235294118
Nautilus,Vayne,7.58933767896636,0.495398773006135
Vayne,Nautilus,3.7583583121973714,0.495398773006135
Gragas,Yone,10.154193305754044,0.5111111111111111
Yone,Gragas,1.2469403777767516,0.5111111111111111
Karma,Khazix,6.465268424090821,0.5297619047619048
Khazix,Karma,2.323169466915578,0.5297619047619048
Kindred,Vex,7.510109763142692,0.5307692307692308
Vex,Kindred,1.7640274102720672,0.5307692307692308
Nautilus,Sylas,5.307880339890583,0.4824561403508772
Sylas,Nautilus,3.9992983687072443,0.4824561403508772
Jax,Morgana,8.230304124176518,0.4868421052631579
Morgana,Jax,5.425342058298631,0.4868421052631579
Anivia,Lucian,8.124215809284818,0.4826254826254826
Lucian,Anivia,1.3818492237101851,0.4826254826254826
Fiora,Thresh,5.403937542430414,0.43467336683417085
Thresh,Fiora,3.2099362851842885,0.43467336683417085
MonkeyKing,Jhin,10.250061896509036,0.5048309178743962
Jhin,MonkeyKing,1.7955501583033353,0.5048309178743962
Talon,Nami,5.459885195568015,0.49144254278728605
Nami,Talon,3.601937472479084,0.49144254278728605
Gwen,Lucian,8.137673425827108,0.45901639344262296
Lucian,Gwen,1.627274182361415,0.45901639344262296
Irelia,Ashe,5.56341928734076,0.5221238938053098
Ashe,Irelia,7.099662294824471,0.5221238938053098
Vi,Ezreal,7.738507738507739,0.5014925373134328
Ezreal,Vi,1.900709219858156,0.5014925373134328
Mordekaiser,Ashe,5.417607223476298,0.5138888888888888
Ashe,Mordekaiser,4.523678630330637,0.5138888888888888
Sion,Jhin,10.31390134529148,0.5652173913043478
Jhin,Sion,2.3940668777377803,0.5652173913043478
Tryndamere,Kaisa,5.025426263834879,0.4801587301587302
Kaisa,Tryndamere,4.344827586206897,0.4801587301587302
XinZhao,Leona,5.251396648044693,0.524822695035461
Leona,XinZhao,3.6782608695652175,0.524822695035461
Blitzcrank,Graves,5.716798592788039,0.5615384615384615
Graves,Blitzcrank,3.9432774702358384,0.5615384615384615
KogMaw,Lulu,20.262390670553938,0.552158273381295
Lulu,KogMaw,6.2746868299289025,0.552158273381295
Khazix,Kaisa,5.033533844983752,0.4739010989010989
Kaisa,Khazix,6.275862068965517,0.4739010989010989
Poppy,Vayne,7.663551401869159,0.5156794425087108
Vayne,Poppy,1.6543693797555916,0.5156794425087108
Nautilus,Kaisa,6.180886974741008,0.5141242937853108
Kaisa,Nautilus,4.577586206896552,0.5141242937853108
Velkoz,Khazix,6.386723661051044,0.5118110236220472
Khazix,Velkoz,1.7562054898707047,0.5118110236220472
Fizz,Leona,5.574912891986063,0.5357142857142857
Leona,Fizz,2.9217391304347826,0.5357142857142857
Aatrox,Kaisa,5.300568643379366,0.48659003831417624
Kaisa,Aatrox,2.25,0.48659003831417624
Nocturne,Teemo,6.378961564396493,0.5560253699788583
Teemo,Nocturne,3.1781226903178124,0.5560253699788583
Samira,Teemo,6.448701233577374,0.5132192846034215
Teemo,Samira,4.320365517704764,0.5132192846034215
Sona,LeeSin,6.908237747653806,0.5433962264150943
LeeSin,Sona,1.740901327026672,0.5433962264150943
Qiyana,Kaisa,5.175403494731226,0.43556701030927836
Kaisa,Qiyana,3.3448275862068964,0.43556701030927836
Orianna,MissFortune,13.628790403198934,0.48166259168704156
MissFortune,Orianna,1.3124959887041912,0.48166259168704156
Leblanc,Lucian,8.29627570872707,0.457286432160804
Lucian,Leblanc,3.185189137277917,0.457286432160804
Camille,Nami,6.547516755456264,0.5013123359580053
Nami,Camille,3.355350066050198,0.5013123359580053
Leblanc,Nami,5.558643690939411,0.515
Nami,Leblanc,3.522677234698371,0.515
Shen,Katarina,6.489252814738997,0.5110410094637224
Katarina,Shen,2.284190805591584,0.5110410094637224
Blitzcrank,Caitlyn,8.39929639401935,0.5078534031413613
Caitlyn,Blitzcrank,4.019994738226782,0.5078534031413613
Karma,Jinx,5.233788724263999,0.5220588235294118
Jinx,Karma,2.4261885648024264,0.5220588235294118
Ashe,Morgana,7.131076729757324,0.5220264317180616
Morgana,Ashe,5.401546698393813,0.5220264317180616
FiddleSticks,Zed,8.702702702702702,0.5186335403726708
Zed,FiddleSticks,1.766609974214078,0.5186335403726708
Rell,Yasuo,13.738959764474975,0.5642857142857143
Yasuo,Rell,0.8881276366289212,0.5642857142857143
Rell,MissFortune,16.43768400392542,0.5671641791044776
MissFortune,Rell,1.0750272768115012,0.5671641791044776
Leblanc,LeeSin,6.684269038354642,0.4282744282744283
LeeSin,Leblanc,3.1599001445276573,0.4282744282744283
Alistar,Kayn,8.629579375848033,0.49056603773584906
Kayn,Alistar,1.5759738328873028,0.49056603773584906
Rengar,Ezreal,7.7243125904486245,0.4566744730679157
Ezreal,Rengar,2.422695035460993,0.4566744730679157
Talon,Morgana,7.181951675343747,0.4758364312267658
Morgana,Talon,3.200475907198096,0.4758364312267658
Mordekaiser,Jhin,10.223852520692251,0.5427782888684453
Jhin,Mordekaiser,4.71440343496552,0.5427782888684453
Malzahar,Nami,5.6442010002381515,0.5654008438818565
Nami,Malzahar,2.0871862615587844,0.5654008438818565
Gragas,Jhin,10.793531402783001,0.40418118466898956
Jhin,Gragas,1.2447412933165634,0.40418118466898956
Evelynn,Ezreal,7.541534440918425,0.5024752475247525
Ezreal,Evelynn,2.292198581560284,0.5024752475247525
Blitzcrank,Teemo,6.695250659630607,0.5779967159277504
Teemo,Blitzcrank,4.091916952227374,0.5779967159277504
Gwen,Zed,9.28495197438634,0.4396551724137931
Zed,Gwen,1.9092555000822953,0.4396551724137931
Velkoz,Sett,5.984410359567513,0.5378151260504201
Sett,Velkoz,1.7339355966778376,0.5378151260504201
Chogath,MasterYi,6.492124308216263,0.5770491803278689
MasterYi,Chogath,2.0782229490324338,0.5770491803278689
Nautilus,Viego,5.948085205447561,0.4774951076320939
Viego,Nautilus,3.7367458866544787,0.4774951076320939
Zac,Vayne,7.908912830558276,0.5232198142414861
Vayne,Zac,1.861886096379986,0.5232198142414861
Ryze,Thresh,5.851548269581056,0.4474708171206226
Thresh,Ryze,2.0727478022421164,0.4474708171206226
Zac,Yone,9.622918707149854,0.5343511450381679
Yone,Zac,1.8149909943194937,0.5343511450381679
Zac,Lucian,8.741429970617041,0.5714285714285714
Lucian,Zac,1.904711092141066,0.5714285714285714
Zac,Nami,6.341821743388834,0.5482625482625483
Nami,Zac,2.280933509467195,0.5482625482625483
Illaoi,MasterYi,6.880482456140351,0.450199203187251
MasterYi,Illaoi,1.7102752793676752,0.450199203187251
Gwen,Kayn,8.617929562433298,0.42105263157894735
Kayn,Gwen,1.60075329566855,0.42105263157894735
Mordekaiser,Kaisa,5.013167795334838,0.4652908067542214
Kaisa,Mordekaiser,4.594827586206897,0.4652908067542214
Leblanc,Jhin,10.283490828237909,0.46621621621621623
Jhin,Leblanc,3.2094374810252853,0.46621621621621623
Sett,LeeSin,6.46218854728253,0.46674182638105977
LeeSin,Sett,5.827092366311917,0.46674182638105977
Trundle,Vex,6.3140692319120495,0.5623529411764706
Vex,Trundle,2.883506343713956,0.5623529411764706
Aphelios,Khazix,6.377250546861854,0.47493403693931396
Khazix,Aphelios,2.6204798451220355,0.47493403693931396
Leona,Khazix,6.28695652173913,0.5159059474412172
Khazix,Leona,4.998962870773698,0.5159059474412172
Blitzcrank,Kaisa,5.716798592788039,0.47115384615384615
Kaisa,Blitzcrank,4.482758620689655,0.47115384615384615
Evelynn,Jinx,5.002800074668658,0.5410447761194029
Jinx,Evelynn,2.3905093212023902,0.5410447761194029
Camille,Yuumi,6.753737755628114,0.5165394402035624
Yuumi,Camille,2.647712726537762,0.5165394402035624
Pantheon,Kayn,8.66836048423255,0.4396551724137931
Kayn,Pantheon,2.8744176826246406,0.4396551724137931
Kassadin,Vayne,7.941036614360438,0.47904191616766467
Vayne,Kassadin,1.925293982015218,0.47904191616766467
Anivia,Vayne,8.21831869510665,0.4847328244274809
Vayne,Anivia,1.5102605487664285,0.4847328244274809
Evelynn,Irelia,7.653537427664737,0.5024390243902439
Irelia,Evelynn,2.523232198904548,0.5024390243902439
Aatrox,Nami,5.422420796100731,0.5243445692883895
Nami,Aatrox,2.3513870541611626,0.5243445692883895
TwistedFate,Nami,5.911440773207462,0.39543726235741444
Nami,TwistedFate,2.3161602818141787,0.39543726235741444
Leblanc,MasterYi,6.22568093385214,0.4575892857142857
MasterYi,Leblanc,3.0526028890705916,0.4575892857142857
KogMaw,Yone,9.548104956268222,0.4961832061068702
Yone,KogMaw,1.209993996212996,0.4961832061068702
Nidalee,Yone,9.553398058252426,0.5650406504065041
Yone,Nidalee,1.1361012330854847,0.5650406504065041
Rengar,Yuumi,6.8921852387843705,0.48293963254593175
Yuumi,Rengar,2.5668665364144716,0.48293963254593175
Hecarim,Irelia,7.022579410639112,0.3869209809264305
Irelia,Hecarim,2.2586005292633393,0.3869209809264305
Velkoz,Caitlyn,8.926326376665829,0.4535211267605634
Caitlyn,Velkoz,1.8679294922388845,0.4535211267605634
Vex,Kaisa,5.03426284008413,0.5175202156334232
Kaisa,Vex,6.396551724137931,0.5175202156334232
JarvanIV,Nami,5.59775429326288,0.5575221238938053
Nami,JarvanIV,2.9854689564068693,0.5575221238938053
Graves,Brand,5.058011678167892,0.5667166416791605
Brand,Graves,6.025837925738549,0.5667166416791605
Kayle,Khazix,6.231454005934718,0.546485260770975
Khazix,Kayle,3.0491599253266957,0.546485260770975
Alistar,Vex,6.458616010854818,0.5126050420168067
Vex,Alistar,1.6147635524798154,0.5126050420168067
Karma,Ezreal,8.928227823744468,0.4547413793103448
Ezreal,Karma,2.632624113475177,0.4547413793103448
Lillia,Jhin,10.525555876407738,0.5637860082304527
Jhin,Lillia,3.161729626577612,0.5637860082304527
Riven,Ashe,5.441819772528434,0.49517684887459806
Ashe,Riven,2.442472316029215,0.49517684887459806
Aphelios,Lulu,5.9397610634359745,0.47875354107648727
Lulu,Aphelios,3.9837490125268027,0.47875354107648727
Leblanc,Vayne,7.462479155086159,0.5232774674115456
Vayne,Leblanc,3.0954576896472217,0.5232774674115456
DrMundo,Khazix,6.136235691499343,0.5504587155963303
Khazix,DrMundo,2.260941713337482,0.5504587155963303
FiddleSticks,Vayne,7.45945945945946,0.5362318840579711
Vayne,FiddleSticks,1.5909614941203596,0.5362318840579711
Leblanc,Graves,6.364647026125625,0.4912663755458515
Graves,Leblanc,3.473117464169258,0.4912663755458515
Leblanc,Ashe,5.461367426347971,0.4732824427480916
Ashe,Leblanc,3.086468232152674,0.4732824427480916
Hecarim,Sylas,5.109070034443168,0.40823970037453183
Sylas,Hecarim,2.341694439572005,0.40823970037453183
Camille,Kaisa,5.464856504554047,0.4748427672955975
Kaisa,Camille,2.741379310344828,0.4748427672955975
Camille,Vex,6.289740505241451,0.5027322404371585
Vex,Camille,2.4832078159983717,0.5027322404371585
Varus,Irelia,7.18351856871781,0.4641509433962264
Irelia,Varus,1.6308695919748908,0.4641509433962264
Rammus,Jhin,10.006435006435007,0.5980707395498392
Jhin,Rammus,1.3488311575660321,0.5980707395498392
Soraka,Jax,5.068694144324396,0.5131578947368421
Jax,Soraka,3.4292933850735494,0.5131578947368421
Lissandra,Caitlyn,9.047005795235028,0.5231316725978647
Caitlyn,Lissandra,1.4785582741383847,0.5231316725978647
Syndra,Khazix,6.817067189798921,0.4784172661870504
Khazix,Syndra,1.9221461660789603,0.4784172661870504
DrMundo,Ashe,5.85475699005442,0.5961538461538461
Ashe,DrMundo,2.4503259247624283,0.5961538461538461
Hecarim,Vayne,7.6923076923076925,0.5149253731343284
Vayne,Hecarim,2.3172700023057415,0.5149253731343284
Riven,Thresh,5.301837270341207,0.49504950495049505
Thresh,Riven,2.4437454633438183,0.49504950495049505
Xayah,Ekko,5.102389078498294,0.5351170568561873
Ekko,Xayah,2.8276905617552486,0.5351170568561873
Senna,Ashe,5.54935578776504,0.5191956124314442
Ashe,Senna,4.295923977067463,0.5191956124314442
Cassiopeia,Khazix,6.236189540878959,0.4881889763779528
Khazix,Cassiopeia,1.7562054898707047,0.4881889763779528
Nunu,Irelia,6.986396126354623,0.5511551155115512
Irelia,Nunu,1.8647301372392147,0.5511551155115512
MonkeyKing,Ashe,6.065857885615252,0.5224489795918368
Ashe,MonkeyKing,1.9241341396371632,0.5224489795918368
Neeko,Caitlyn,8.263264714409974,0.44912280701754387
Caitlyn,Neeko,1.499605367008682,0.44912280701754387
FiddleSticks,Jhin,10.08108108108108,0.5067024128686327
Jhin,FiddleSticks,1.6177299735438262,0.5067024128686327
TwistedFate,Khazix,6.271072151045179,0.4910394265232975
Khazix,TwistedFate,1.9290603609209707,0.4910394265232975
Vi,Thresh,5.8212058212058215,0.46825396825396826
Thresh,Vi,2.0324219695136705,0.46825396825396826
Fizz,Pyke,5.1103368176538915,0.5324675324675324
Pyke,Fizz,2.7974568574023615,0.5324675324675324
Lulu,Kaisa,5.349283376594064,0.4282700421940928
Kaisa,Lulu,4.086206896551724,0.4282700421940928
Nami,Khazix,6.191105239982387,0.5419630156472262
Khazix,Nami,4.860678973933485,0.5419630156472262
Karma,Kaisa,5.156821243024822,0.458955223880597
Kaisa,Karma,2.310344827586207,0.458955223880597
Alistar,Kaisa,6.485753052917231,0.47280334728033474
Kaisa,Alistar,2.060344827586207,0.47280334728033474
Braum,Teemo,6.858526089295321,0.5647058823529412
Teemo,Braum,1.7133642410804273,0.5647058823529412
Kayle,Kaisa,5.284725166030804,0.4893048128342246
Kaisa,Kayle,3.2241379310344827,0.4893048128342246
Poppy,Vex,6.381842456608812,0.5188284518828452
Vex,Poppy,1.621548273288554,0.5188284518828452
Alistar,LeeSin,6.729986431478968,0.43548387096774194
LeeSin,Alistar,1.6292208645381685,0.43548387096774194
Ornn,MissFortune,14.077860794337397,0.5921787709497207
MissFortune,Ornn,1.148835119697067,0.5921787709497207
Ziggs,Yone,9.22776693615835,0.5891238670694864
Yone,Ziggs,1.528656537200388,0.5891238670694864
Malzahar,Yuumi,6.358656823053107,0.5543071161048689
Yuumi,Malzahar,1.798827730243212,0.5543071161048689
Illaoi,Khazix,6.798245614035088,0.45564516129032256
Khazix,Illaoi,1.7147203208186406,0.45564516129032256
Cassiopeia,Vayne,7.463785907193715,0.5032894736842105
Vayne,Cassiopeia,1.7523633848282223,0.5032894736842105
Nunu,Yone,10.214433940511874,0.5417607223476298
Yone,Nunu,2.0459058790929663,0.5417607223476298
Kennen,LeeSin,6.983805668016195,0.4782608695652174
LeeSin,Kennen,1.8131651556957036,0.4782608695652174
Ahri,Amumu,5.276830654327001,0.5353846153846153
Amumu,Ahri,2.736611653755473,0.5353846153846153
Rammus,Vayne,8.043758043758045,0.536
Vayne,Rammus,1.44108830989163,0.536
Vi,Vex,7.0686070686070686,0.5196078431372549
Vex,Vi,2.0761245674740483,0.5196078431372549
Annie,Ashe,5.7118499573742545,0.43656716417910446
Ashe,Annie,2.1047671405010604,0.43656716417910446
Ziggs,Kayn,8.670197936994702,0.4758842443729904
Kayn,Ziggs,1.5412825849935574,0.4758842443729904
Ahri,Shaco,5.000811820100666,0.5292207792207793
Shaco,Ahri,3.0131089806300135,0.5292207792207793
Hecarim,Brand,5.262150784538845,0.4909090909090909
Brand,Hecarim,2.484415936398952,0.4909090909090909
